Binomial.1.2,Order.1.2,Family.1.2,Genus.1.2,Species.1.2,,1700 Matched Species,FSSB,MSSB,SSB,,Total Species,SSB Data Present,Percent Covered
Caperea_marginata,Cetartiodactyla,Neobalaenidae,Caperea,marginata,,,,,,,87,53,60.91954023
Balaena_mysticetus,Cetartiodactyla,Balaenidae,Balaena,mysticetus,,Y,1,1,1,,,,
Eubalaena_australis,Cetartiodactyla,Balaenidae,Eubalaena,australis,,Y,1,1,1,,,,
Eubalaena_glacialis,Cetartiodactyla,Balaenidae,Eubalaena,glacialis,,Y,1,1,1,,,,
Eubalaena_japonica,Cetartiodactyla,Balaenidae,Eubalaena,japonica,,Y,0,0,0,,,,
Balaenoptera_acutorostrata,Cetartiodactyla,Balaenopteridae,Balaenoptera,acutorostrata,,Y,0,0,0,,,,
Balaenoptera_bonaerensis,Cetartiodactyla,Balaenopteridae,Balaenoptera,bonaerensis,,,,,,,,,
Balaenoptera_borealis,Cetartiodactyla,Balaenopteridae,Balaenoptera,borealis,,Y,0,0,0,,,,
Balaenoptera_edeni,Cetartiodactyla,Balaenopteridae,Balaenoptera,edeni,,Y,0,0,0,,,,
Balaenoptera_musculus,Cetartiodactyla,Balaenopteridae,Balaenoptera,musculus,,Y,0,0,0,,,,
Balaenoptera_omurai,Cetartiodactyla,Balaenopteridae,Balaenoptera,omurai,,,,,,,,,
Balaenoptera_physalus,Cetartiodactyla,Balaenopteridae,Balaenoptera,physalus,,Y,0,0,1,,,,
Megaptera_novaeangliae,Cetartiodactyla,Balaenopteridae,Megaptera,novaeangliae,,Y,0,0,0,,,,
Cephalorhynchus_commersonii,Cetartiodactyla,Delphinidae,Cephalorhynchus,commersonii,,Y,1,1,1,,,,
Cephalorhynchus_eutropia,Cetartiodactyla,Delphinidae,Cephalorhynchus,eutropia,,,,,,,,,
Cephalorhynchus_heavisidii,Cetartiodactyla,Delphinidae,Cephalorhynchus,heavisidii,,,,,,,,,
Cephalorhynchus_hectori,Cetartiodactyla,Delphinidae,Cephalorhynchus,hectori,,Y,0,0,0,,,,
Delphinus_capensis,Cetartiodactyla,Delphinidae,Delphinus,capensis,,Y,0,0,0,,,,
Delphinus_delphis,Cetartiodactyla,Delphinidae,Delphinus,delphis,,Y,0,0,0,,,,
Feresa_attenuata,Cetartiodactyla,Delphinidae,Feresa,attenuata,,Y,0,0,0,,,,
Globicephala_macrorhynchus,Cetartiodactyla,Delphinidae,Globicephala,macrorhynchus,,Y,0,0,0,,,,
Globicephala_melas,Cetartiodactyla,Delphinidae,Globicephala,melas,,Y,0,0,0,,,,
Grampus_griseus,Cetartiodactyla,Delphinidae,Grampus,griseus,,Y,0,0,0,,,,
Lagenodelphis_hosei,Cetartiodactyla,Delphinidae,Lagenodelphis,hosei,,,,,,,,,
Lagenorhynchus_acutus,Cetartiodactyla,Delphinidae,Lagenorhynchus,acutus,,Y,0,0,0,,,,
Lagenorhynchus_albirostris,Cetartiodactyla,Delphinidae,Lagenorhynchus,albirostris,,Y,0,0,0,,,,
Lagenorhynchus_australis,Cetartiodactyla,Delphinidae,Lagenorhynchus,australis,,Y,0,0,0,,,,
Lagenorhynchus_cruciger,Cetartiodactyla,Delphinidae,Lagenorhynchus,cruciger,,,,,,,,,
Lagenorhynchus_obliquidens,Cetartiodactyla,Delphinidae,Lagenorhynchus,obliquidens,,Y,0,0,0,,,,
Lagenorhynchus_obscurus,Cetartiodactyla,Delphinidae,Lagenorhynchus,obscurus,,Y,0,0,0,,,,
Lissodelphis_borealis,Cetartiodactyla,Delphinidae,Lissodelphis,borealis,,Y,0,0,0,,,,
Lissodelphis_peronii,Cetartiodactyla,Delphinidae,Lissodelphis,peronii,,,,,,,,,
Orcaella_brevirostris,Cetartiodactyla,Delphinidae,Orcaella,brevirostris,,Y,0,0,0,,,,
Orcaella_heinsohni,Cetartiodactyla,Delphinidae,Orcaella,heinsohni,,,,,,,,,
Orcinus_orca,Cetartiodactyla,Delphinidae,Orcinus,orca,,Y,0,1,1,,,,
Peponocephala_electra,Cetartiodactyla,Delphinidae,Peponocephala,electra,,Y,0,0,0,,,,
Pseudorca_crassidens,Cetartiodactyla,Delphinidae,Pseudorca,crassidens,,Y,0,0,0,,,,
Sotalia_fluviatilis,Cetartiodactyla,Delphinidae,Sotalia,fluviatilis,,Y,0,0,0,,,,
Sotalia_guianensis,Cetartiodactyla,Delphinidae,Sotalia,guianensis,,,,,,,,,
Sousa_chinensis,Cetartiodactyla,Delphinidae,Sousa,chinensis,,Y,0,0,0,,,,
Sousa_teuszii,Cetartiodactyla,Delphinidae,Sousa,teuszii,,,,,,,,,
Stenella_attenuata,Cetartiodactyla,Delphinidae,Stenella,attenuata,,Y,0,0,0,,,,
Stenella_clymene,Cetartiodactyla,Delphinidae,Stenella,clymene,,,,,,,,,
Stenella_coeruleoalba,Cetartiodactyla,Delphinidae,Stenella,coeruleoalba,,Y,1,1,1,,,,
Stenella_frontalis,Cetartiodactyla,Delphinidae,Stenella,frontalis,,Y,0,0,0,,,,
Stenella_longirostris,Cetartiodactyla,Delphinidae,Stenella,longirostris,,Y,1,1,1,,,,
Steno_bredanensis,Cetartiodactyla,Delphinidae,Steno,bredanensis,,,,,,,,,
Tursiops_aduncus,Cetartiodactyla,Delphinidae,Tursiops,aduncus,,Y,1,1,1,,,,
Tursiops_truncatus,Cetartiodactyla,Delphinidae,Tursiops,truncatus,,Y,1,1,1,,,,
Delphinapterus_leucas,Cetartiodactyla,Monodontidae,Delphinapterus,leucas,,Y,0,1,1,,,,
Monodon_monoceros,Cetartiodactyla,Monodontidae,Monodon,monoceros,,,,,,,,,
Neophocaena_asiaeorientalis,Cetartiodactyla,Phocoenidae,Neophocaena,asiaeorientalis,,Y,0,1,1,,,,
Neophocaena_phocaenoides,Cetartiodactyla,Phocoenidae,Neophocaena,phocaenoides,,Y,0,0,0,,,,
Phocoena_dioptrica,Cetartiodactyla,Phocoenidae,Phocoena,dioptrica,,Y,0,0,0,,,,
Phocoena_phocoena,Cetartiodactyla,Phocoenidae,Phocoena,phocoena,,Y,1,1,1,,,,
Phocoena_sinus,Cetartiodactyla,Phocoenidae,Phocoena,sinus,,Y,0,0,0,,,,
Phocoena_spinipinnis,Cetartiodactyla,Phocoenidae,Phocoena,spinipinnis,,Y,0,0,0,,,,
Phocoenoides_dalli,Cetartiodactyla,Phocoenidae,Phocoenoides,dalli,,Y,0,0,0,,,,
Inia_geoffrensis,Cetartiodactyla,Iniidae,Inia,geoffrensis,,Y,0,1,1,,,,
Lipotes_vexillifer,Cetartiodactyla,Iniidae,Lipotes,vexillifer,,Y,0,0,0,,,,
Pontoporia_blainvillei,Cetartiodactyla,Iniidae,Pontoporia,blainvillei,,,,,,,,,
Kogia_breviceps,Cetartiodactyla,Physeteridae,Kogia,breviceps,,Y,0,0,0,,,,
Kogia_sima,Cetartiodactyla,Physeteridae,Kogia,sima,,,,,,,,,
Physeter_macrocephalus,Cetartiodactyla,Physeteridae,Physeter,macrocephalus,,Y,0,1,1,,,,
Platanista_gangetica,Cetartiodactyla,Platanistidae,Platanista,gangetica,,,,,,,,,
Berardius_arnuxii,Cetartiodactyla,Ziphiidae,Berardius,arnuxii,,,,,,,,,
Berardius_bairdii,Cetartiodactyla,Ziphiidae,Berardius,bairdii,,,,,,,,,
Hyperoodon_ampullatus,Cetartiodactyla,Ziphiidae,Hyperoodon,ampullatus,,,,,,,,,
Hyperoodon_planifrons,Cetartiodactyla,Ziphiidae,Hyperoodon,planifrons,,,,,,,,,
Indopacetus_pacificus,Cetartiodactyla,Ziphiidae,Indopacetus,pacificus,,,,,,,,,
Mesoplodon_bidens,Cetartiodactyla,Ziphiidae,Mesoplodon,bidens,,,,,,,,,
Mesoplodon_bowdoini,Cetartiodactyla,Ziphiidae,Mesoplodon,bowdoini,,,,,,,,,
Mesoplodon_carlhubbsi,Cetartiodactyla,Ziphiidae,Mesoplodon,carlhubbsi,,,,,,,,,
Mesoplodon_densirostris,Cetartiodactyla,Ziphiidae,Mesoplodon,densirostris,,Y,0,0,0,,,,
Mesoplodon_europaeus,Cetartiodactyla,Ziphiidae,Mesoplodon,europaeus,,,,,,,,,
Mesoplodon_ginkgodens,Cetartiodactyla,Ziphiidae,Mesoplodon,ginkgodens,,,,,,,,,
Mesoplodon_grayi,Cetartiodactyla,Ziphiidae,Mesoplodon,grayi,,Y,0,0,0,,,,
Mesoplodon_hectori,Cetartiodactyla,Ziphiidae,Mesoplodon,hectori,,Y,0,0,0,,,,
Mesoplodon_layardii,Cetartiodactyla,Ziphiidae,Mesoplodon,layardii,,Y,0,0,0,,,,
Mesoplodon_mirus,Cetartiodactyla,Ziphiidae,Mesoplodon,mirus,,,,,,,,,
Mesoplodon_perrini,Cetartiodactyla,Ziphiidae,Mesoplodon,perrini,,,,,,,,,
Mesoplodon_peruvianus,Cetartiodactyla,Ziphiidae,Mesoplodon,peruvianus,,,,,,,,,
Mesoplodon_stejnegeri,Cetartiodactyla,Ziphiidae,Mesoplodon,stejnegeri,,,,,,,,,
Mesoplodon_traversii,Cetartiodactyla,Ziphiidae,Mesoplodon,traversii,,,,,,,,,
Tasmacetus_shepherdi,Cetartiodactyla,Ziphiidae,Tasmacetus,shepherdi,,,,,,,,,
Ziphius_cavirostris,Cetartiodactyla,Ziphiidae,Ziphius,cavirostris,,Y,0,0,0,,,,
Eschrichtius_robustus,Cetartiodactyla,Eschrichtiidae,Eschrichtius,robustus,,,,,,,,,
