Binomial.1.2,Order.1.2,Family.1.2,Genus.1.2,Species.1.2,,1700 Matched Species,FSSB,MSSB,SSB,,Total Species,SSB Data Present,Percent Covered
Acinonyx_jubatus,Carnivora,Felidae,Acinonyx,jubatus,,Y,1,1,1,,132,73,55.3030303
Caracal_aurata,Carnivora,Felidae,Caracal,aurata,,Y,0,0,0,,,,
Caracal_caracal,Carnivora,Felidae,Caracal,caracal,,Y,0,0,0,,,,
Catopuma_badia,Carnivora,Felidae,Catopuma,badia,,,,,,,,,
Catopuma_temminckii,Carnivora,Felidae,Catopuma,temminckii,,Y,0,0,0,,,,
Felis_bieti,Carnivora,Felidae,Felis,bieti,,,,,,,,,
Felis_chaus,Carnivora,Felidae,Felis,chaus,,Y,0,0,0,,,,
Felis_margarita,Carnivora,Felidae,Felis,margarita,,Y,0,0,0,,,,
Felis_nigripes,Carnivora,Felidae,Felis,nigripes,,Y,0,0,0,,,,
Felis_silvestris,Carnivora,Felidae,Felis,silvestris,,Y,0,1,1,,,,
Herpailurus_yagouaroundi,Carnivora,Felidae,Herpailurus,yagouaroundi,,Y,0,0,0,,,,
Homotherium_latidens,Carnivora,Felidae,Homotherium,latidens,,,,,,,,,
Homotherium_serum,Carnivora,Felidae,Homotherium,serum,,,,,,,,,
Leopardus_amnicola,Carnivora,Felidae,Leopardus,amnicola,,,,,,,,,
Leopardus_colocolo,Carnivora,Felidae,Leopardus,colocolo,,Y,0,0,0,,,,
Leopardus_geoffroyi,Carnivora,Felidae,Leopardus,geoffroyi,,Y,0,0,0,,,,
Leopardus_guigna,Carnivora,Felidae,Leopardus,guigna,,,,,,,,,
Leopardus_guttulus,Carnivora,Felidae,Leopardus,guttulus,,,,,,,,,
Leopardus_jacobita,Carnivora,Felidae,Leopardus,jacobita,,,,,,,,,
Leopardus_pardalis,Carnivora,Felidae,Leopardus,pardalis,,Y,0,0,0,,,,
Leopardus_tigrinus,Carnivora,Felidae,Leopardus,tigrinus,,Y,0,0,0,,,,
Leopardus_wiedii,Carnivora,Felidae,Leopardus,wiedii,,Y,0,0,0,,,,
Leptailurus_serval,Carnivora,Felidae,Leptailurus,serval,,Y,0,0,0,,,,
Lynx_canadensis,Carnivora,Felidae,Lynx,canadensis,,Y,0,0,0,,,,
Lynx_lynx,Carnivora,Felidae,Lynx,lynx,,Y,0,0,0,,,,
Lynx_pardinus,Carnivora,Felidae,Lynx,pardinus,,Y,0,0,0,,,,
Lynx_rufus,Carnivora,Felidae,Lynx,rufus,,Y,0,0,0,,,,
Miracinonyx_trumani,Carnivora,Felidae,Miracinonyx,trumani,,,,,,,,,
Neofelis_diardi,Carnivora,Felidae,Neofelis,diardi,,,,,,,,,
Neofelis_nebulosa,Carnivora,Felidae,Neofelis,nebulosa,,Y,0,0,0,,,,
Otocolobus_manul,Carnivora,Felidae,Otocolobus,manul,,Y,0,0,0,,,,
Panthera_atrox,Carnivora,Felidae,Panthera,atrox,,,,,,,,,
Panthera_leo,Carnivora,Felidae,Panthera,leo,,Y,1,1,1,,,,
Panthera_onca,Carnivora,Felidae,Panthera,onca,,Y,0,0,0,,,,
Panthera_pardus,Carnivora,Felidae,Panthera,pardus,,Y,0,0,0,,,,
Panthera_spelaea,Carnivora,Felidae,Panthera,spelaea,,,,,,,,,
Panthera_tigris,Carnivora,Felidae,Panthera,tigris,,Y,0,0,0,,,,
Panthera_uncia,Carnivora,Felidae,Panthera,uncia,,Y,0,0,0,,,,
Pardofelis_marmorata,Carnivora,Felidae,Pardofelis,marmorata,,Y,0,0,0,,,,
Prionailurus_bengalensis,Carnivora,Felidae,Prionailurus,bengalensis,,Y,0,0,0,,,,
Prionailurus_planiceps,Carnivora,Felidae,Prionailurus,planiceps,,,,,,,,,
Prionailurus_rubiginosus,Carnivora,Felidae,Prionailurus,rubiginosus,,Y,0,0,0,,,,
Prionailurus_viverrinus,Carnivora,Felidae,Prionailurus,viverrinus,,Y,0,0,0,,,,
Puma_concolor,Carnivora,Felidae,Puma,concolor,,Y,1,0,1,,,,
Smilodon_fatalis,Carnivora,Felidae,Smilodon,fatalis,,,,,,,,,
Smilodon_populator,Carnivora,Felidae,Smilodon,populator,,,,,,,,,
Prionodon_linsang,Carnivora,Prionodontidae,Prionodon,linsang,,,,,,,,,
Prionodon_pardicolor,Carnivora,Prionodontidae,Prionodon,pardicolor,,Y,0,0,0,,,,
Nandinia_binotata,Carnivora,Nandiniidae,Nandinia,binotata,,Y,0,0,0,,,,
Cryptoprocta_ferox,Carnivora,Eupleridae,Cryptoprocta,ferox,,Y,0,0,0,,,,
Cryptoprocta_spelea,Carnivora,Eupleridae,Cryptoprocta,spelea,,,,,,,,,
Eupleres_goudotii,Carnivora,Eupleridae,Eupleres,goudotii,,,,,,,,,
Eupleres_major,Carnivora,Eupleridae,Eupleres,major,,,,,,,,,
Fossa_fossana,Carnivora,Eupleridae,Fossa,fossana,,Y,0,0,0,,,,
Galidia_elegans,Carnivora,Eupleridae,Galidia,elegans,,Y,0,0,0,,,,
Galidictis_fasciata,Carnivora,Eupleridae,Galidictis,fasciata,,,,,,,,,
Galidictis_grandidieri,Carnivora,Eupleridae,Galidictis,grandidieri,,,,,,,,,
Mungotictis_decemlineata,Carnivora,Eupleridae,Mungotictis,decemlineata,,Y,0,0,0,,,,
Salanoia_concolor,Carnivora,Eupleridae,Salanoia,concolor,,,,,,,,,
Atilax_paludinosus,Carnivora,Herpestidae,Atilax,paludinosus,,Y,0,0,0,,,,
Bdeogale_crassicauda,Carnivora,Herpestidae,Bdeogale,crassicauda,,,,,,,,,
Bdeogale_jacksoni,Carnivora,Herpestidae,Bdeogale,jacksoni,,,,,,,,,
Bdeogale_nigripes,Carnivora,Herpestidae,Bdeogale,nigripes,,Y,0,0,0,,,,
Bdeogale_omnivora,Carnivora,Herpestidae,Bdeogale,omnivora,,,,,,,,,
Crossarchus_alexandri,Carnivora,Herpestidae,Crossarchus,alexandri,,Y,0,0,0,,,,
Crossarchus_ansorgei,Carnivora,Herpestidae,Crossarchus,ansorgei,,,,,,,,,
Crossarchus_obscurus,Carnivora,Herpestidae,Crossarchus,obscurus,,Y,0,0,0,,,,
Crossarchus_platycephalus,Carnivora,Herpestidae,Crossarchus,platycephalus,,Y,0,0,0,,,,
Cynictis_penicillata,Carnivora,Herpestidae,Cynictis,penicillata,,Y,0,0,0,,,,
Dologale_dybowskii,Carnivora,Herpestidae,Dologale,dybowskii,,,,,,,,,
Helogale_hirtula,Carnivora,Herpestidae,Helogale,hirtula,,,,,,,,,
Helogale_parvula,Carnivora,Herpestidae,Helogale,parvula,,Y,1,1,1,,,,
Herpestes_auropunctatus,Carnivora,Herpestidae,Herpestes,auropunctatus,,,,,,,,,
Herpestes_brachyurus,Carnivora,Herpestidae,Herpestes,brachyurus,,,,,,,,,
Herpestes_edwardsii,Carnivora,Herpestidae,Herpestes,edwardsii,,Y,0,0,0,,,,
Herpestes_flavescens,Carnivora,Herpestidae,Herpestes,flavescens,,,,,,,,,
Herpestes_fuscus,Carnivora,Herpestidae,Herpestes,fuscus,,,,,,,,,
Herpestes_ichneumon,Carnivora,Herpestidae,Herpestes,ichneumon,,Y,0,0,0,,,,
Herpestes_javanicus,Carnivora,Herpestidae,Herpestes,javanicus,,Y,0,0,0,,,,
Herpestes_naso,Carnivora,Herpestidae,Herpestes,naso,,Y,0,0,0,,,,
Herpestes_ochraceus,Carnivora,Herpestidae,Herpestes,ochraceus,,,,,,,,,
Herpestes_pulverulentus,Carnivora,Herpestidae,Herpestes,pulverulentus,,Y,0,0,0,,,,
Herpestes_sanguineus,Carnivora,Herpestidae,Herpestes,sanguineus,,Y,0,0,0,,,,
Herpestes_semitorquatus,Carnivora,Herpestidae,Herpestes,semitorquatus,,,,,,,,,
Herpestes_smithii,Carnivora,Herpestidae,Herpestes,smithii,,Y,0,0,0,,,,
Herpestes_urva,Carnivora,Herpestidae,Herpestes,urva,,,,,,,,,
Herpestes_vitticollis,Carnivora,Herpestidae,Herpestes,vitticollis,,Y,0,0,0,,,,
Ichneumia_albicauda,Carnivora,Herpestidae,Ichneumia,albicauda,,Y,0,0,0,,,,
Liberiictis_kuhni,Carnivora,Herpestidae,Liberiictis,kuhni,,,,,,,,,
Mungos_gambianus,Carnivora,Herpestidae,Mungos,gambianus,,,,,,,,,
Mungos_mungo,Carnivora,Herpestidae,Mungos,mungo,,Y,0,0,0,,,,
Paracynictis_selousi,Carnivora,Herpestidae,Paracynictis,selousi,,,,,,,,,
Rhynchogale_melleri,Carnivora,Herpestidae,Rhynchogale,melleri,,,,,,,,,
Suricata_suricatta,Carnivora,Herpestidae,Suricata,suricatta,,Y,0,0,0,,,,
Crocuta_crocuta,Carnivora,Hyaenidae,Crocuta,crocuta,,Y,1,0,1,,,,
Hyaena_hyaena,Carnivora,Hyaenidae,Hyaena,hyaena,,Y,0,0,0,,,,
Parahyaena_brunnea,Carnivora,Hyaenidae,Parahyaena,brunnea,,Y,0,0,0,,,,
Proteles_cristata,Carnivora,Hyaenidae,Proteles,cristata,,Y,0,0,0,,,,
Arctictis_binturong,Carnivora,Viverridae,Arctictis,binturong,,Y,0,0,0,,,,
Arctogalidia_trivirgata,Carnivora,Viverridae,Arctogalidia,trivirgata,,,,,,,,,
Chrotogale_owstoni,Carnivora,Viverridae,Chrotogale,owstoni,,,,,,,,,
Civettictis_civetta,Carnivora,Viverridae,Civettictis,civetta,,Y,0,0,0,,,,
Cynogale_bennettii,Carnivora,Viverridae,Cynogale,bennettii,,,,,,,,,
Diplogale_hosei,Carnivora,Viverridae,Diplogale,hosei,,,,,,,,,
Genetta_abyssinica,Carnivora,Viverridae,Genetta,abyssinica,,,,,,,,,
Genetta_angolensis,Carnivora,Viverridae,Genetta,angolensis,,,,,,,,,
Genetta_bourloni,Carnivora,Viverridae,Genetta,bourloni,,,,,,,,,
Genetta_cristata,Carnivora,Viverridae,Genetta,cristata,,,,,,,,,
Genetta_genetta,Carnivora,Viverridae,Genetta,genetta,,Y,0,0,0,,,,
Genetta_johnstoni,Carnivora,Viverridae,Genetta,johnstoni,,,,,,,,,
Genetta_maculata,Carnivora,Viverridae,Genetta,maculata,,,,,,,,,
Genetta_pardina,Carnivora,Viverridae,Genetta,pardina,,Y,0,0,0,,,,
Genetta_piscivora,Carnivora,Viverridae,Genetta,piscivora,,,,,,,,,
Genetta_poensis,Carnivora,Viverridae,Genetta,poensis,,Y,0,0,0,,,,
Genetta_servalina,Carnivora,Viverridae,Genetta,servalina,,Y,0,0,0,,,,
Genetta_thierryi,Carnivora,Viverridae,Genetta,thierryi,,,,,,,,,
Genetta_tigrina,Carnivora,Viverridae,Genetta,tigrina,,Y,0,0,0,,,,
Genetta_victoriae,Carnivora,Viverridae,Genetta,victoriae,,,,,,,,,
Hemigalus_derbyanus,Carnivora,Viverridae,Hemigalus,derbyanus,,,,,,,,,
Macrogalidia_musschenbroekii,Carnivora,Viverridae,Macrogalidia,musschenbroekii,,,,,,,,,
Paguma_larvata,Carnivora,Viverridae,Paguma,larvata,,Y,0,0,0,,,,
Paradoxurus_hermaphroditus,Carnivora,Viverridae,Paradoxurus,hermaphroditus,,Y,0,0,0,,,,
Paradoxurus_jerdoni,Carnivora,Viverridae,Paradoxurus,jerdoni,,,,,,,,,
Paradoxurus_zeylonensis,Carnivora,Viverridae,Paradoxurus,zeylonensis,,,,,,,,,
Poiana_leightoni,Carnivora,Viverridae,Poiana,leightoni,,,,,,,,,
Poiana_richardsonii,Carnivora,Viverridae,Poiana,richardsonii,,Y,0,0,0,,,,
Viverra_civettina,Carnivora,Viverridae,Viverra,civettina,,Y,0,0,0,,,,
Viverra_megaspila,Carnivora,Viverridae,Viverra,megaspila,,,,,,,,,
Viverra_tangalunga,Carnivora,Viverridae,Viverra,tangalunga,,,,,,,,,
Viverra_zibetha,Carnivora,Viverridae,Viverra,zibetha,,Y,0,0,0,,,,
Viverricula_indica,Carnivora,Viverridae,Viverricula,indica,,Y,0,0,0,,,,
Nandinia_binotata,Carnivora,Nandiniidae,Nandinia,binotata,,Y,0,0,0,,,,
