Binomial.1.2,Order.1.2,Family.1.2,Genus.1.2,Species.1.2,,1700 Matched Species,FSSB,MSSB,SSB,,Total Species,SSB Data Present,Percent Covered
Allenopithecus_nigroviridis,Primates,Cercopithecidae,Allenopithecus,nigroviridis,,,,,,,460,220,47.82608696
Allocebus_trichotis,Primates,Cheirogaleidae,Allocebus,trichotis,,,,,,,,,
Allochrocebus_lhoesti,Primates,Cercopithecidae,Allochrocebus,lhoesti,,Y,0,0,0,,,,
Allochrocebus_preussi,Primates,Cercopithecidae,Allochrocebus,preussi,,Y,0,0,0,,,,
Allochrocebus_solatus,Primates,Cercopithecidae,Allochrocebus,solatus,,,,,,,,,
Alouatta_arctoidea,Primates,Atelidae,Alouatta,arctoidea,,,,,,,,,
Alouatta_belzebul,Primates,Atelidae,Alouatta,belzebul,,Y,0,0,0,,,,
Alouatta_caraya,Primates,Atelidae,Alouatta,caraya,,Y,0,0,0,,,,
Alouatta_discolor,Primates,Atelidae,Alouatta,discolor,,,,,,,,,
Alouatta_guariba,Primates,Atelidae,Alouatta,guariba,,Y,0,0,0,,,,
Alouatta_macconnelli,Primates,Atelidae,Alouatta,macconnelli,,,,,,,,,
Alouatta_nigerrima,Primates,Atelidae,Alouatta,nigerrima,,,,,,,,,
Alouatta_palliata,Primates,Atelidae,Alouatta,palliata,,Y,0,0,0,,,,
Alouatta_pigra,Primates,Atelidae,Alouatta,pigra,,Y,0,0,0,,,,
Alouatta_sara,Primates,Atelidae,Alouatta,sara,,,,,,,,,
Alouatta_seniculus,Primates,Atelidae,Alouatta,seniculus,,Y,0,0,0,,,,
Alouatta_ululata,Primates,Atelidae,Alouatta,ululata,,,,,,,,,
Antillothrix_bernensis,Primates,Pitheciidae,Antillothrix,bernensis,,,,,,,,,
Aotus_azarae,Primates,Aotidae,Aotus,azarae,,Y,0,0,0,,,,
Aotus_brumbacki,Primates,Aotidae,Aotus,brumbacki,,,,,,,,,
Aotus_griseimembra,Primates,Aotidae,Aotus,griseimembra,,,,,,,,,
Aotus_jorgehernandezi,Primates,Aotidae,Aotus,jorgehernandezi,,,,,,,,,
Aotus_lemurinus,Primates,Aotidae,Aotus,lemurinus,,Y,0,0,0,,,,
Aotus_miconax,Primates,Aotidae,Aotus,miconax,,,,,,,,,
Aotus_nancymaae,Primates,Aotidae,Aotus,nancymaae,,Y,0,0,0,,,,
Aotus_nigriceps,Primates,Aotidae,Aotus,nigriceps,,Y,0,0,0,,,,
Aotus_trivirgatus,Primates,Aotidae,Aotus,trivirgatus,,Y,0,0,0,,,,
Aotus_vociferans,Primates,Aotidae,Aotus,vociferans,,Y,0,0,0,,,,
Aotus_zonalis,Primates,Aotidae,Aotus,zonalis,,,,,,,,,
Archaeoindris_fontoynonti,Primates,Palaeopropithecidae,Archaeoindris,fontoynonti,,,,,,,,,
Archaeolemur_edwardsi,Primates,Archaeolemuridae,Archaeolemur,edwardsi,,,,,,,,,
Archaeolemur_majori,Primates,Archaeolemuridae,Archaeolemur,majori,,,,,,,,,
Arctocebus_aureus,Primates,Lorisidae,Arctocebus,aureus,,,,,,,,,
Arctocebus_calabarensis,Primates,Lorisidae,Arctocebus,calabarensis,,Y,0,0,0,,,,
Ateles_belzebuth,Primates,Atelidae,Ateles,belzebuth,,Y,0,0,0,,,,
Ateles_chamek,Primates,Atelidae,Ateles,chamek,,Y,0,0,0,,,,
Ateles_fusciceps,Primates,Atelidae,Ateles,fusciceps,,,,,,,,,
Ateles_geoffroyi,Primates,Atelidae,Ateles,geoffroyi,,Y,0,1,1,,,,
Ateles_hybridus,Primates,Atelidae,Ateles,hybridus,,Y,0,0,0,,,,
Ateles_marginatus,Primates,Atelidae,Ateles,marginatus,,,,,,,,,
Ateles_paniscus,Primates,Atelidae,Ateles,paniscus,,Y,0,0,0,,,,
Avahi_betsileo,Primates,Indriidae,Avahi,betsileo,,,,,,,,,
Avahi_cleesei,Primates,Indriidae,Avahi,cleesei,,,,,,,,,
Avahi_laniger,Primates,Indriidae,Avahi,laniger,,Y,0,0,0,,,,
Avahi_meridionalis,Primates,Indriidae,Avahi,meridionalis,,,,,,,,,
Avahi_mooreorum,Primates,Indriidae,Avahi,mooreorum,,,,,,,,,
Avahi_occidentalis,Primates,Indriidae,Avahi,occidentalis,,Y,0,0,0,,,,
Avahi_peyrierasi,Primates,Indriidae,Avahi,peyrierasi,,,,,,,,,
Avahi_ramanantsoavanai,Primates,Indriidae,Avahi,ramanantsoavanai,,,,,,,,,
Avahi_unicolor,Primates,Indriidae,Avahi,unicolor,,,,,,,,,
Babakotia_radofilai,Primates,Palaeopropithecidae,Babakotia,radofilai,,,,,,,,,
Brachyteles_arachnoides,Primates,Atelidae,Brachyteles,arachnoides,,Y,0,0,0,,,,
Brachyteles_hypoxanthus,Primates,Atelidae,Brachyteles,hypoxanthus,,Y,0,0,0,,,,
Cacajao_calvus,Primates,Pitheciidae,Cacajao,calvus,,Y,0,0,0,,,,
Cacajao_hosomi,Primates,Pitheciidae,Cacajao,hosomi,,,,,,,,,
Caipora_bambuiorum,Primates,Atelidae,Caipora,bambuiorum,,,,,,,,,
Callicebus_aureipalatii,Primates,Pitheciidae,Callicebus,aureipalatii,,,,,,,,,
Callicebus_baptista,Primates,Pitheciidae,Callicebus,baptista,,,,,,,,,
Callicebus_barbarabrownae,Primates,Pitheciidae,Callicebus,barbarabrownae,,,,,,,,,
Callicebus_bernhardi,Primates,Pitheciidae,Callicebus,bernhardi,,,,,,,,,
Callicebus_brunneus,Primates,Pitheciidae,Callicebus,brunneus,,,,,,,,,
Callicebus_caligatus,Primates,Pitheciidae,Callicebus,caligatus,,,,,,,,,
Callicebus_caquetensis,Primates,Pitheciidae,Callicebus,caquetensis,,,,,,,,,
Callicebus_cinerascens,Primates,Pitheciidae,Callicebus,cinerascens,,,,,,,,,
Callicebus_coimbrai,Primates,Pitheciidae,Callicebus,coimbrai,,,,,,,,,
Callicebus_cupreus,Primates,Pitheciidae,Callicebus,cupreus,,Y,0,0,0,,,,
Callicebus_discolor,Primates,Pitheciidae,Callicebus,discolor,,,,,,,,,
Callicebus_donacophilus,Primates,Pitheciidae,Callicebus,donacophilus,,,,,,,,,
Callicebus_dubius,Primates,Pitheciidae,Callicebus,dubius,,,,,,,,,
Callicebus_hoffmannsi,Primates,Pitheciidae,Callicebus,hoffmannsi,,Y,0,0,0,,,,
Callicebus_lucifer,Primates,Pitheciidae,Callicebus,lucifer,,,,,,,,,
Callicebus_lugens,Primates,Pitheciidae,Callicebus,lugens,,,,,,,,,
Callicebus_medemi,Primates,Pitheciidae,Callicebus,medemi,,,,,,,,,
Callicebus_melanochir,Primates,Pitheciidae,Callicebus,melanochir,,,,,,,,,
Callicebus_modestus,Primates,Pitheciidae,Callicebus,modestus,,,,,,,,,
Callicebus_moloch,Primates,Pitheciidae,Callicebus,moloch,,Y,0,0,0,,,,
Callicebus_nigrifrons,Primates,Pitheciidae,Callicebus,nigrifrons,,Y,0,0,0,,,,
Callicebus_oenanthe,Primates,Pitheciidae,Callicebus,oenanthe,,,,,,,,,
Callicebus_olallae,Primates,Pitheciidae,Callicebus,olallae,,,,,,,,,
Callicebus_ornatus,Primates,Pitheciidae,Callicebus,ornatus,,,,,,,,,
Callicebus_pallescens,Primates,Pitheciidae,Callicebus,pallescens,,,,,,,,,
Callicebus_personatus,Primates,Pitheciidae,Callicebus,personatus,,Y,0,0,0,,,,
Callicebus_purinus,Primates,Pitheciidae,Callicebus,purinus,,,,,,,,,
Callicebus_regulus,Primates,Pitheciidae,Callicebus,regulus,,,,,,,,,
Callicebus_stephennashi,Primates,Pitheciidae,Callicebus,stephennashi,,,,,,,,,
Callicebus_torquatus,Primates,Pitheciidae,Callicebus,torquatus,,Y,0,0,0,,,,
Callimico_goeldii,Primates,Callitrichidae,Callimico,goeldii,,Y,0,0,0,,,,
Callithrix_aurita,Primates,Callitrichidae,Callithrix,aurita,,Y,0,0,0,,,,
Callithrix_flaviceps,Primates,Callitrichidae,Callithrix,flaviceps,,Y,0,0,0,,,,
Callithrix_geoffroyi,Primates,Callitrichidae,Callithrix,geoffroyi,,Y,0,0,0,,,,
Callithrix_jacchus,Primates,Callitrichidae,Callithrix,jacchus,,Y,0,1,1,,,,
Callithrix_kuhlii,Primates,Callitrichidae,Callithrix,kuhlii,,Y,0,0,0,,,,
Callithrix_penicillata,Primates,Callitrichidae,Callithrix,penicillata,,,,,,,,,
Cebuella_pygmaea,Primates,Callitrichidae,Cebuella,pygmaea,,Y,0,0,0,,,,
Cebus_aequatorialis,Primates,Cebidae,Cebus,aequatorialis,,,,,,,,,
Cebus_albifrons,Primates,Cebidae,Cebus,albifrons,,Y,0,1,1,,,,
Cebus_brunneus,Primates,Cebidae,Cebus,brunneus,,Y,1,1,1,,,,
Cebus_capucinus,Primates,Cebidae,Cebus,capucinus,,Y,1,1,1,,,,
Cebus_cesarae,Primates,Cebidae,Cebus,cesarae,,,,,,,,,
Cebus_cuscinus,Primates,Cebidae,Cebus,cuscinus,,,,,,,,,
Cebus_kaapori,Primates,Cebidae,Cebus,kaapori,,,,,,,,,
Cebus_malitiosus,Primates,Cebidae,Cebus,malitiosus,,,,,,,,,
Cebus_versicolor,Primates,Cebidae,Cebus,versicolor,,,,,,,,,
Cercocebus_agilis,Primates,Cercopithecidae,Cercocebus,agilis,,,,,,,,,
Cercocebus_atys,Primates,Cercopithecidae,Cercocebus,atys,,Y,1,1,1,,,,
Cercocebus_chrysogaster,Primates,Cercopithecidae,Cercocebus,chrysogaster,,,,,,,,,
Cercocebus_galeritus,Primates,Cercopithecidae,Cercocebus,galeritus,,Y,0,0,0,,,,
Cercocebus_lunulatus,Primates,Cercopithecidae,Cercocebus,lunulatus,,,,,,,,,
Cercocebus_sanjei,Primates,Cercopithecidae,Cercocebus,sanjei,,,,,,,,,
Cercocebus_torquatus,Primates,Cercopithecidae,Cercocebus,torquatus,,Y,1,1,1,,,,
Cercopithecus_ascanius,Primates,Cercopithecidae,Cercopithecus,ascanius,,Y,0,0,0,,,,
Cercopithecus_campbelli,Primates,Cercopithecidae,Cercopithecus,campbelli,,Y,0,0,0,,,,
Cercopithecus_cephus,Primates,Cercopithecidae,Cercopithecus,cephus,,Y,0,0,0,,,,
Cercopithecus_denti,Primates,Cercopithecidae,Cercopithecus,denti,,Y,0,0,0,,,,
Cercopithecus_diana,Primates,Cercopithecidae,Cercopithecus,diana,,Y,0,0,0,,,,
Cercopithecus_dryas,Primates,Cercopithecidae,Cercopithecus,dryas,,,,,,,,,
Cercopithecus_erythrogaster,Primates,Cercopithecidae,Cercopithecus,erythrogaster,,,,,,,,,
Cercopithecus_erythrotis,Primates,Cercopithecidae,Cercopithecus,erythrotis,,Y,0,0,0,,,,
Cercopithecus_hamlyni,Primates,Cercopithecidae,Cercopithecus,hamlyni,,Y,0,0,0,,,,
Cercopithecus_lowei,Primates,Cercopithecidae,Cercopithecus,lowei,,,,,,,,,
Cercopithecus_mitis,Primates,Cercopithecidae,Cercopithecus,mitis,,Y,0,0,0,,,,
Cercopithecus_mona,Primates,Cercopithecidae,Cercopithecus,mona,,Y,0,1,1,,,,
Cercopithecus_neglectus,Primates,Cercopithecidae,Cercopithecus,neglectus,,Y,0,0,0,,,,
Cercopithecus_nictitans,Primates,Cercopithecidae,Cercopithecus,nictitans,,Y,0,0,0,,,,
Cercopithecus_petaurista,Primates,Cercopithecidae,Cercopithecus,petaurista,,Y,0,0,0,,,,
Cercopithecus_roloway,Primates,Cercopithecidae,Cercopithecus,roloway,,,,,,,,,
Cercopithecus_sclateri,Primates,Cercopithecidae,Cercopithecus,sclateri,,,,,,,,,
Cheirogaleus_crossleyi,Primates,Cheirogaleidae,Cheirogaleus,crossleyi,,,,,,,,,
Cheirogaleus_major,Primates,Cheirogaleidae,Cheirogaleus,major,,Y,0,0,0,,,,
Cheirogaleus_medius,Primates,Cheirogaleidae,Cheirogaleus,medius,,Y,0,0,0,,,,
Cheirogaleus_minusculus,Primates,Cheirogaleidae,Cheirogaleus,minusculus,,,,,,,,,
Cheirogaleus_sibreei,Primates,Cheirogaleidae,Cheirogaleus,sibreei,,,,,,,,,
Chiropotes_albinasus,Primates,Pitheciidae,Chiropotes,albinasus,,Y,0,0,0,,,,
Chiropotes_chiropotes,Primates,Pitheciidae,Chiropotes,chiropotes,,,,,,,,,
Chiropotes_satanas,Primates,Pitheciidae,Chiropotes,satanas,,Y,0,0,0,,,,
Chiropotes_utahickae,Primates,Pitheciidae,Chiropotes,utahickae,,,,,,,,,
Chlorocebus_aethiops,Primates,Cercopithecidae,Chlorocebus,aethiops,,Y,1,1,1,,,,
Chlorocebus_cynosuros,Primates,Cercopithecidae,Chlorocebus,cynosuros,,,,,,,,,
Chlorocebus_djamdjamensis,Primates,Cercopithecidae,Chlorocebus,djamdjamensis,,,,,,,,,
Chlorocebus_pygerythrus,Primates,Cercopithecidae,Chlorocebus,pygerythrus,,Y,0,1,1,,,,
Chlorocebus_sabaeus,Primates,Cercopithecidae,Chlorocebus,sabaeus,,Y,0,0,0,,,,
Chlorocebus_tantalus,Primates,Cercopithecidae,Chlorocebus,tantalus,,Y,0,0,0,,,,
Colobus_angolensis,Primates,Cercopithecidae,Colobus,angolensis,,Y,0,0,0,,,,
Colobus_guereza,Primates,Cercopithecidae,Colobus,guereza,,Y,0,0,0,,,,
Colobus_polykomos,Primates,Cercopithecidae,Colobus,polykomos,,Y,0,0,0,,,,
Colobus_satanas,Primates,Cercopithecidae,Colobus,satanas,,Y,0,0,0,,,,
Colobus_vellerosus,Primates,Cercopithecidae,Colobus,vellerosus,,Y,0,0,0,,,,
Daubentonia_madagascariensis,Primates,Daubentoniidae,Daubentonia,madagascariensis,,Y,0,0,0,,,,
Daubentonia_robustus,Primates,Daubentoniidae,Daubentonia,robustus,,,,,,,,,
Erythrocebus_patas,Primates,Cercopithecidae,Erythrocebus,patas,,Y,1,1,1,,,,
Eulemur_albifrons,Primates,Lemuridae,Eulemur,albifrons,,,,,,,,,
Eulemur_cinereiceps,Primates,Lemuridae,Eulemur,cinereiceps,,,,,,,,,
Eulemur_collaris,Primates,Lemuridae,Eulemur,collaris,,Y,0,0,0,,,,
Eulemur_coronatus,Primates,Lemuridae,Eulemur,coronatus,,Y,0,0,0,,,,
Eulemur_flavifrons,Primates,Lemuridae,Eulemur,flavifrons,,,,,,,,,
Eulemur_fulvus,Primates,Lemuridae,Eulemur,fulvus,,Y,1,1,1,,,,
Eulemur_macaco,Primates,Lemuridae,Eulemur,macaco,,Y,0,1,1,,,,
Eulemur_mongoz,Primates,Lemuridae,Eulemur,mongoz,,Y,0,0,0,,,,
Eulemur_rubriventer,Primates,Lemuridae,Eulemur,rubriventer,,Y,0,0,0,,,,
Eulemur_rufifrons,Primates,Lemuridae,Eulemur,rufifrons,,,,,,,,,
Eulemur_rufus,Primates,Lemuridae,Eulemur,rufus,,Y,0,0,0,,,,
Eulemur_sanfordi,Primates,Lemuridae,Eulemur,sanfordi,,,,,,,,,
Euoticus_elegantulus,Primates,Galagidae,Euoticus,elegantulus,,Y,0,0,0,,,,
Euoticus_pallidus,Primates,Galagidae,Euoticus,pallidus,,,,,,,,,
Galago_gallarum,Primates,Galagidae,Galago,gallarum,,,,,,,,,
Galago_matschiei,Primates,Galagidae,Galago,matschiei,,,,,,,,,
Galago_moholi,Primates,Galagidae,Galago,moholi,,Y,1,1,1,,,,
Galago_senegalensis,Primates,Galagidae,Galago,senegalensis,,Y,1,0,1,,,,
Galagoides_cocos,Primates,Galagidae,Galagoides,cocos,,,,,,,,,
Galagoides_demidoff,Primates,Galagidae,Galagoides,demidoff,,Y,0,0,0,,,,
Galagoides_granti,Primates,Galagidae,Galagoides,granti,,,,,,,,,
Galagoides_orinus,Primates,Galagidae,Galagoides,orinus,,,,,,,,,
Galagoides_rondoensis,Primates,Galagidae,Galagoides,rondoensis,,,,,,,,,
Galagoides_thomasi,Primates,Galagidae,Galagoides,thomasi,,,,,,,,,
Galagoides_zanzibaricus,Primates,Galagidae,Galagoides,zanzibaricus,,Y,0,0,0,,,,
Gorilla_beringei,Primates,Hominidae,Gorilla,beringei,,Y,1,1,1,,,,
Gorilla_gorilla,Primates,Hominidae,Gorilla,gorilla,,Y,1,1,1,,,,
Hadropithecus_stenognathus,Primates,Archaeolemuridae,Hadropithecus,stenognathus,,,,,,,,,
Hapalemur_alaotrensis,Primates,Lemuridae,Hapalemur,alaotrensis,,,,,,,,,
Hapalemur_aureus,Primates,Lemuridae,Hapalemur,aureus,,,,,,,,,
Hapalemur_griseus,Primates,Lemuridae,Hapalemur,griseus,,Y,0,0,0,,,,
Hapalemur_meridionalis,Primates,Lemuridae,Hapalemur,meridionalis,,,,,,,,,
Hapalemur_occidentalis,Primates,Lemuridae,Hapalemur,occidentalis,,,,,,,,,
Homo_floresiensis,Primates,Hominidae,Homo,floresiensis,,,,,,,,,
Homo_neanderthalensis,Primates,Hominidae,Homo,neanderthalensis,,,,,,,,,
Homo_sapiens,Primates,Hominidae,Homo,sapiens,,,,,,,,,
Homo_spDenisova,Primates,Hominidae,Homo,spDenisova,,,,,,,,,
Hoolock_hoolock,Primates,Hylobatidae,Hoolock,hoolock,,Y,0,0,0,,,,
Hoolock_leuconedys,Primates,Hylobatidae,Hoolock,leuconedys,,,,,,,,,
Hylobates_agilis,Primates,Hylobatidae,Hylobates,agilis,,Y,0,0,0,,,,
Hylobates_albibarbis,Primates,Hylobatidae,Hylobates,albibarbis,,Y,0,0,0,,,,
Hylobates_klossii,Primates,Hylobatidae,Hylobates,klossii,,Y,0,0,0,,,,
Hylobates_lar,Primates,Hylobatidae,Hylobates,lar,,Y,0,1,1,,,,
Hylobates_moloch,Primates,Hylobatidae,Hylobates,moloch,,Y,0,0,0,,,,
Hylobates_muelleri,Primates,Hylobatidae,Hylobates,muelleri,,Y,0,0,0,,,,
Hylobates_pileatus,Primates,Hylobatidae,Hylobates,pileatus,,Y,0,0,0,,,,
Indri_indri,Primates,Indriidae,Indri,indri,,Y,0,0,0,,,,
Insulacebus_toussaintiana,Primates,Pitheciidae,Insulacebus,toussaintiana,,,,,,,,,
Lagothrix_cana,Primates,Atelidae,Lagothrix,cana,,,,,,,,,
Lagothrix_lagotricha,Primates,Atelidae,Lagothrix,lagotricha,,Y,0,0,0,,,,
Lagothrix_lugens,Primates,Atelidae,Lagothrix,lugens,,,,,,,,,
Lagothrix_poeppigii,Primates,Atelidae,Lagothrix,poeppigii,,,,,,,,,
Lemur_catta,Primates,Lemuridae,Lemur,catta,,Y,0,0,0,,,,
Leontopithecus_caissara,Primates,Callitrichidae,Leontopithecus,caissara,,,,,,,,,
Leontopithecus_chrysomelas,Primates,Callitrichidae,Leontopithecus,chrysomelas,,Y,0,0,0,,,,
Leontopithecus_chrysopygus,Primates,Callitrichidae,Leontopithecus,chrysopygus,,,,,,,,,
Leontopithecus_rosalia,Primates,Callitrichidae,Leontopithecus,rosalia,,Y,1,1,1,,,,
Lepilemur_aeeclis,Primates,Lepilemuridae,Lepilemur,aeeclis,,,,,,,,,
Lepilemur_ahmansonorum,Primates,Lepilemuridae,Lepilemur,ahmansonorum,,,,,,,,,
Lepilemur_ankaranensis,Primates,Lepilemuridae,Lepilemur,ankaranensis,,,,,,,,,
Lepilemur_betsileo,Primates,Lepilemuridae,Lepilemur,betsileo,,,,,,,,,
Lepilemur_dorsalis,Primates,Lepilemuridae,Lepilemur,dorsalis,,,,,,,,,
Lepilemur_edwardsi,Primates,Lepilemuridae,Lepilemur,edwardsi,,Y,0,0,0,,,,
Lepilemur_fleuretae,Primates,Lepilemuridae,Lepilemur,fleuretae,,,,,,,,,
Lepilemur_grewcockorum,Primates,Lepilemuridae,Lepilemur,grewcockorum,,,,,,,,,
Lepilemur_hollandorum,Primates,Lepilemuridae,Lepilemur,hollandorum,,,,,,,,,
Lepilemur_hubbardorum,Primates,Lepilemuridae,Lepilemur,hubbardorum,,,,,,,,,
Lepilemur_jamesorum,Primates,Lepilemuridae,Lepilemur,jamesorum,,,,,,,,,
Lepilemur_leucopus,Primates,Lepilemuridae,Lepilemur,leucopus,,Y,0,0,0,,,,
Lepilemur_microdon,Primates,Lepilemuridae,Lepilemur,microdon,,Y,0,0,0,,,,
Lepilemur_milanoii,Primates,Lepilemuridae,Lepilemur,milanoii,,,,,,,,,
Lepilemur_mittermeieri,Primates,Lepilemuridae,Lepilemur,mittermeieri,,,,,,,,,
Lepilemur_mustelinus,Primates,Lepilemuridae,Lepilemur,mustelinus,,Y,0,0,0,,,,
Lepilemur_otto,Primates,Lepilemuridae,Lepilemur,otto,,,,,,,,,
Lepilemur_petteri,Primates,Lepilemuridae,Lepilemur,petteri,,,,,,,,,
Lepilemur_randrianasoloi,Primates,Lepilemuridae,Lepilemur,randrianasoloi,,,,,,,,,
Lepilemur_ruficaudatus,Primates,Lepilemuridae,Lepilemur,ruficaudatus,,Y,0,0,0,,,,
Lepilemur_sahamalazensis,Primates,Lepilemuridae,Lepilemur,sahamalazensis,,,,,,,,,
Lepilemur_scottorum,Primates,Lepilemuridae,Lepilemur,scottorum,,,,,,,,,
Lepilemur_seali,Primates,Lepilemuridae,Lepilemur,seali,,,,,,,,,
Lepilemur_septentrionalis,Primates,Lepilemuridae,Lepilemur,septentrionalis,,Y,0,0,0,,,,
Lepilemur_tymerlachsoni,Primates,Lepilemuridae,Lepilemur,tymerlachsoni,,,,,,,,,
Lepilemur_wrightae,Primates,Lepilemuridae,Lepilemur,wrightae,,,,,,,,,
Lophocebus_albigena,Primates,Cercopithecidae,Lophocebus,albigena,,Y,1,0,1,,,,
Lophocebus_aterrimus,Primates,Cercopithecidae,Lophocebus,aterrimus,,,,,,,,,
Loris_lydekkerianus,Primates,Lorisidae,Loris,lydekkerianus,,Y,0,0,0,,,,
Loris_tardigradus,Primates,Lorisidae,Loris,tardigradus,,Y,0,0,0,,,,
Macaca_arctoides,Primates,Cercopithecidae,Macaca,arctoides,,Y,1,1,1,,,,
Macaca_assamensis,Primates,Cercopithecidae,Macaca,assamensis,,Y,0,0,0,,,,
Macaca_cyclopis,Primates,Cercopithecidae,Macaca,cyclopis,,Y,0,0,0,,,,
Macaca_fascicularis,Primates,Cercopithecidae,Macaca,fascicularis,,Y,1,1,1,,,,
Macaca_fuscata,Primates,Cercopithecidae,Macaca,fuscata,,Y,1,1,1,,,,
Macaca_hecki,Primates,Cercopithecidae,Macaca,hecki,,,,,,,,,
Macaca_leonina,Primates,Cercopithecidae,Macaca,leonina,,Y,0,0,0,,,,
Macaca_maura,Primates,Cercopithecidae,Macaca,maura,,Y,1,1,1,,,,
Macaca_mulatta,Primates,Cercopithecidae,Macaca,mulatta,,Y,1,1,1,,,,
Macaca_munzala,Primates,Cercopithecidae,Macaca,munzala,,,,,,,,,
Macaca_nemestrina,Primates,Cercopithecidae,Macaca,nemestrina,,Y,1,1,1,,,,
Macaca_nigra,Primates,Cercopithecidae,Macaca,nigra,,Y,1,1,1,,,,
Macaca_nigrescens,Primates,Cercopithecidae,Macaca,nigrescens,,,,,,,,,
Macaca_ochreata,Primates,Cercopithecidae,Macaca,ochreata,,Y,0,0,0,,,,
Macaca_pagensis,Primates,Cercopithecidae,Macaca,pagensis,,,,,,,,,
Macaca_radiata,Primates,Cercopithecidae,Macaca,radiata,,Y,1,1,1,,,,
Macaca_siberu,Primates,Cercopithecidae,Macaca,siberu,,,,,,,,,
Macaca_silenus,Primates,Cercopithecidae,Macaca,silenus,,Y,1,1,1,,,,
Macaca_sinica,Primates,Cercopithecidae,Macaca,sinica,,Y,0,0,0,,,,
Macaca_sylvanus,Primates,Cercopithecidae,Macaca,sylvanus,,Y,1,1,1,,,,
Macaca_thibetana,Primates,Cercopithecidae,Macaca,thibetana,,Y,0,1,1,,,,
Macaca_tonkeana,Primates,Cercopithecidae,Macaca,tonkeana,,Y,1,1,1,,,,
Mandrillus_leucophaeus,Primates,Cercopithecidae,Mandrillus,leucophaeus,,Y,0,0,0,,,,
Mandrillus_sphinx,Primates,Cercopithecidae,Mandrillus,sphinx,,Y,1,1,1,,,,
Megaladapis_edwardsi,Primates,Megaladapidae,Megaladapis,edwardsi,,,,,,,,,
Megaladapis_grandidieri,Primates,Megaladapidae,Megaladapis,grandidieri,,,,,,,,,
Megaladapis_madagascariensis,Primates,Megaladapidae,Megaladapis,madagascariensis,,,,,,,,,
Mesopropithecus_globiceps,Primates,Palaeopropithecidae,Mesopropithecus,globiceps,,,,,,,,,
Mesopropithecus_pithecoides,Primates,Palaeopropithecidae,Mesopropithecus,pithecoides,,,,,,,,,
Mico_acariensis,Primates,Callitrichidae,Mico,acariensis,,,,,,,,,
Mico_argentatus,Primates,Callitrichidae,Mico,argentatus,,Y,0,0,0,,,,
Mico_chrysoleucos,Primates,Callitrichidae,Mico,chrysoleucos,,,,,,,,,
Mico_emiliae,Primates,Callitrichidae,Mico,emiliae,,,,,,,,,
Mico_humeralifer,Primates,Callitrichidae,Mico,humeralifer,,Y,0,0,0,,,,
Mico_humilis,Primates,Callitrichidae,Mico,humilis,,,,,,,,,
Mico_intermedius,Primates,Callitrichidae,Mico,intermedius,,Y,0,0,0,,,,
Mico_leucippe,Primates,Callitrichidae,Mico,leucippe,,,,,,,,,
Mico_marcai,Primates,Callitrichidae,Mico,marcai,,,,,,,,,
Mico_mauesi,Primates,Callitrichidae,Mico,mauesi,,,,,,,,,
Mico_melanurus,Primates,Callitrichidae,Mico,melanurus,,,,,,,,,
Mico_nigriceps,Primates,Callitrichidae,Mico,nigriceps,,,,,,,,,
Mico_rondoni,Primates,Callitrichidae,Mico,rondoni,,,,,,,,,
Mico_saterei,Primates,Callitrichidae,Mico,saterei,,,,,,,,,
Microcebus_arnholdi,Primates,Cheirogaleidae,Microcebus,arnholdi,,,,,,,,,
Microcebus_berthae,Primates,Cheirogaleidae,Microcebus,berthae,,,,,,,,,
Microcebus_bongolavensis,Primates,Cheirogaleidae,Microcebus,bongolavensis,,,,,,,,,
Microcebus_danfossi,Primates,Cheirogaleidae,Microcebus,danfossi,,,,,,,,,
Microcebus_gerpi,Primates,Cheirogaleidae,Microcebus,gerpi,,,,,,,,,
Microcebus_griseorufus,Primates,Cheirogaleidae,Microcebus,griseorufus,,,,,,,,,
Microcebus_jollyae,Primates,Cheirogaleidae,Microcebus,jollyae,,,,,,,,,
Microcebus_lehilahytsara,Primates,Cheirogaleidae,Microcebus,lehilahytsara,,,,,,,,,
Microcebus_macarthurii,Primates,Cheirogaleidae,Microcebus,macarthurii,,,,,,,,,
Microcebus_mamiratra,Primates,Cheirogaleidae,Microcebus,mamiratra,,,,,,,,,
Microcebus_margotmarshae,Primates,Cheirogaleidae,Microcebus,margotmarshae,,,,,,,,,
Microcebus_marohita,Primates,Cheirogaleidae,Microcebus,marohita,,,,,,,,,
Microcebus_mittermeieri,Primates,Cheirogaleidae,Microcebus,mittermeieri,,,,,,,,,
Microcebus_murinus,Primates,Cheirogaleidae,Microcebus,murinus,,Y,0,0,0,,,,
Microcebus_myoxinus,Primates,Cheirogaleidae,Microcebus,myoxinus,,,,,,,,,
Microcebus_ravelobensis,Primates,Cheirogaleidae,Microcebus,ravelobensis,,,,,,,,,
Microcebus_rufus,Primates,Cheirogaleidae,Microcebus,rufus,,Y,0,0,0,,,,
Microcebus_sambiranensis,Primates,Cheirogaleidae,Microcebus,sambiranensis,,,,,,,,,
Microcebus_simmonsi,Primates,Cheirogaleidae,Microcebus,simmonsi,,,,,,,,,
Microcebus_tavaratra,Primates,Cheirogaleidae,Microcebus,tavaratra,,,,,,,,,
Miopithecus_ogouensis,Primates,Cercopithecidae,Miopithecus,ogouensis,,Y,0,0,0,,,,
Miopithecus_talapoin,Primates,Cercopithecidae,Miopithecus,talapoin,,Y,1,1,1,,,,
Mirza_coquereli,Primates,Cheirogaleidae,Mirza,coquereli,,Y,0,0,0,,,,
Mirza_zaza,Primates,Cheirogaleidae,Mirza,zaza,,,,,,,,,
Nasalis_larvatus,Primates,Cercopithecidae,Nasalis,larvatus,,Y,1,1,1,,,,
Nomascus_concolor,Primates,Hylobatidae,Nomascus,concolor,,Y,0,0,0,,,,
Nomascus_gabriellae,Primates,Hylobatidae,Nomascus,gabriellae,,Y,0,0,0,,,,
Nomascus_hainanus,Primates,Hylobatidae,Nomascus,hainanus,,Y,0,0,0,,,,
Nomascus_leucogenys,Primates,Hylobatidae,Nomascus,leucogenys,,Y,0,0,0,,,,
Nomascus_nasutus,Primates,Hylobatidae,Nomascus,nasutus,,,,,,,,,
Nomascus_siki,Primates,Hylobatidae,Nomascus,siki,,Y,0,0,0,,,,
Nycticebus_bengalensis,Primates,Lorisidae,Nycticebus,bengalensis,,,,,,,,,
Nycticebus_coucang,Primates,Lorisidae,Nycticebus,coucang,,Y,0,0,0,,,,
Nycticebus_javanicus,Primates,Lorisidae,Nycticebus,javanicus,,,,,,,,,
Nycticebus_menagensis,Primates,Lorisidae,Nycticebus,menagensis,,,,,,,,,
Nycticebus_pygmaeus,Primates,Lorisidae,Nycticebus,pygmaeus,,Y,0,0,0,,,,
Oreonax_flavicauda,Primates,Atelidae,Oreonax,flavicauda,,Y,0,0,0,,,,
Otolemur_crassicaudatus,Primates,Galagidae,Otolemur,crassicaudatus,,Y,0,0,0,,,,
Otolemur_garnettii,Primates,Galagidae,Otolemur,garnettii,,Y,0,0,0,,,,
Pachylemur_insignis,Primates,Lemuridae,Pachylemur,insignis,,,,,,,,,
Pachylemur_jullyi,Primates,Lemuridae,Pachylemur,jullyi,,,,,,,,,
Palaeopropithecus_ingens,Primates,Palaeopropithecidae,Palaeopropithecus,ingens,,,,,,,,,
Palaeopropithecus_maximus,Primates,Palaeopropithecidae,Palaeopropithecus,maximus,,,,,,,,,
Pan_paniscus,Primates,Hominidae,Pan,paniscus,,Y,1,1,1,,,,
Pan_troglodytes,Primates,Hominidae,Pan,troglodytes,,Y,1,1,1,,,,
Papio_anubis,Primates,Cercopithecidae,Papio,anubis,,Y,1,1,1,,,,
Papio_cynocephalus,Primates,Cercopithecidae,Papio,cynocephalus,,Y,1,1,1,,,,
Papio_hamadryas,Primates,Cercopithecidae,Papio,hamadryas,,Y,1,1,1,,,,
Papio_kindae,Primates,Cercopithecidae,Papio,kindae,,,,,,,,,
Papio_papio,Primates,Cercopithecidae,Papio,papio,,Y,0,1,1,,,,
Papio_ursinus,Primates,Cercopithecidae,Papio,ursinus,,Y,1,1,1,,,,
Perodicticus_edwardsi,Primates,Lorisidae,Perodicticus,edwardsi,,,,,,,,,
Perodicticus_ibeanus,Primates,Lorisidae,Perodicticus,ibeanus,,,,,,,,,
Perodicticus_potto,Primates,Lorisidae,Perodicticus,potto,,Y,0,0,0,,,,
Phaner_electromontis,Primates,Cheirogaleidae,Phaner,electromontis,,,,,,,,,
Phaner_furcifer,Primates,Cheirogaleidae,Phaner,furcifer,,Y,0,0,0,,,,
Phaner_pallescens,Primates,Cheirogaleidae,Phaner,pallescens,,,,,,,,,
Phaner_parienti,Primates,Cheirogaleidae,Phaner,parienti,,,,,,,,,
Piliocolobus_badius,Primates,Cercopithecidae,Piliocolobus,badius,,Y,0,0,1,,,,
Piliocolobus_bouvieri,Primates,Cercopithecidae,Piliocolobus,bouvieri,,,,,,,,,
Piliocolobus_epieni,Primates,Cercopithecidae,Piliocolobus,epieni,,,,,,,,,
Piliocolobus_gordonorum,Primates,Cercopithecidae,Piliocolobus,gordonorum,,,,,,,,,
Piliocolobus_kirkii,Primates,Cercopithecidae,Piliocolobus,kirkii,,,,,,,,,
Piliocolobus_oustaleti,Primates,Cercopithecidae,Piliocolobus,oustaleti,,,,,,,,,
Piliocolobus_pennantii,Primates,Cercopithecidae,Piliocolobus,pennantii,,,,,,,,,
Piliocolobus_preussi,Primates,Cercopithecidae,Piliocolobus,preussi,,,,,,,,,
Piliocolobus_rufomitratus,Primates,Cercopithecidae,Piliocolobus,rufomitratus,,Y,0,0,0,,,,
Piliocolobus_temminckii,Primates,Cercopithecidae,Piliocolobus,temminckii,,,,,,,,,
Piliocolobus_tephrosceles,Primates,Cercopithecidae,Piliocolobus,tephrosceles,,Y,0,0,0,,,,
Piliocolobus_tholloni,Primates,Cercopithecidae,Piliocolobus,tholloni,,,,,,,,,
Piliocolobus_waldronae,Primates,Cercopithecidae,Piliocolobus,waldronae,,,,,,,,,
Pithecia_aequatorialis,Primates,Pitheciidae,Pithecia,aequatorialis,,,,,,,,,
Pithecia_albicans,Primates,Pitheciidae,Pithecia,albicans,,Y,0,0,0,,,,
Pithecia_chrysocephala,Primates,Pitheciidae,Pithecia,chrysocephala,,,,,,,,,
Pithecia_milleri,Primates,Pitheciidae,Pithecia,milleri,,Y,0,0,0,,,,
Pithecia_pithecia,Primates,Pitheciidae,Pithecia,pithecia,,Y,0,0,0,,,,
Pithecia_vanzolinii,Primates,Pitheciidae,Pithecia,vanzolinii,,,,,,,,,
Pongo_abelii,Primates,Hominidae,Pongo,abelii,,Y,1,1,1,,,,
Pongo_pygmaeus,Primates,Hominidae,Pongo,pygmaeus,,Y,1,1,1,,,,
Presbytis_chrysomelas,Primates,Cercopithecidae,Presbytis,chrysomelas,,,,,,,,,
Presbytis_comata,Primates,Cercopithecidae,Presbytis,comata,,Y,0,0,0,,,,
Presbytis_femoralis,Primates,Cercopithecidae,Presbytis,femoralis,,,,,,,,,
Presbytis_frontata,Primates,Cercopithecidae,Presbytis,frontata,,,,,,,,,
Presbytis_hosei,Primates,Cercopithecidae,Presbytis,hosei,,Y,0,0,0,,,,
Presbytis_melalophos,Primates,Cercopithecidae,Presbytis,melalophos,,Y,0,0,0,,,,
Presbytis_natunae,Primates,Cercopithecidae,Presbytis,natunae,,,,,,,,,
Presbytis_potenziani,Primates,Cercopithecidae,Presbytis,potenziani,,Y,0,0,0,,,,
Presbytis_rubicunda,Primates,Cercopithecidae,Presbytis,rubicunda,,Y,0,0,0,,,,
Presbytis_siamensis,Primates,Cercopithecidae,Presbytis,siamensis,,,,,,,,,
Presbytis_thomasi,Primates,Cercopithecidae,Presbytis,thomasi,,Y,0,0,0,,,,
Procolobus_verus,Primates,Cercopithecidae,Procolobus,verus,,Y,0,0,0,,,,
Prolemur_simus,Primates,Lemuridae,Prolemur,simus,,,,,,,,,
Propithecus_candidus,Primates,Indriidae,Propithecus,candidus,,,,,,,,,
Propithecus_coquereli,Primates,Indriidae,Propithecus,coquereli,,,,,,,,,
Propithecus_coronatus,Primates,Indriidae,Propithecus,coronatus,,,,,,,,,
Propithecus_deckenii,Primates,Indriidae,Propithecus,deckenii,,,,,,,,,
Propithecus_diadema,Primates,Indriidae,Propithecus,diadema,,Y,0,0,0,,,,
Propithecus_edwardsi,Primates,Indriidae,Propithecus,edwardsi,,Y,0,0,0,,,,
Propithecus_perrieri,Primates,Indriidae,Propithecus,perrieri,,,,,,,,,
Propithecus_tattersalli,Primates,Indriidae,Propithecus,tattersalli,,Y,0,0,0,,,,
Propithecus_verreauxi,Primates,Indriidae,Propithecus,verreauxi,,Y,1,1,1,,,,
Protopithecus_brasiliensis,Primates,Atelidae,Protopithecus,brasiliensis,,,,,,,,,
Pygathrix_cinerea,Primates,Cercopithecidae,Pygathrix,cinerea,,,,,,,,,
Pygathrix_nemaeus,Primates,Cercopithecidae,Pygathrix,nemaeus,,Y,0,0,0,,,,
Pygathrix_nigripes,Primates,Cercopithecidae,Pygathrix,nigripes,,Y,0,0,0,,,,
Rhinopithecus_avunculus,Primates,Cercopithecidae,Rhinopithecus,avunculus,,,,,,,,,
Rhinopithecus_bieti,Primates,Cercopithecidae,Rhinopithecus,bieti,,Y,0,0,0,,,,
Rhinopithecus_brelichi,Primates,Cercopithecidae,Rhinopithecus,brelichi,,Y,0,0,0,,,,
Rhinopithecus_roxellana,Primates,Cercopithecidae,Rhinopithecus,roxellana,,Y,1,1,1,,,,
Rhinopithecus_strykeri,Primates,Cercopithecidae,Rhinopithecus,strykeri,,,,,,,,,
Rungwecebus_kipunji,Primates,Cercopithecidae,Rungwecebus,kipunji,,,,,,,,,
Saguinus_bicolor,Primates,Callitrichidae,Saguinus,bicolor,,,,,,,,,
Saguinus_fuscicollis,Primates,Callitrichidae,Saguinus,fuscicollis,,Y,1,1,1,,,,
Saguinus_geoffroyi,Primates,Callitrichidae,Saguinus,geoffroyi,,Y,1,1,1,,,,
Saguinus_imperator,Primates,Callitrichidae,Saguinus,imperator,,Y,0,0,0,,,,
Saguinus_inustus,Primates,Callitrichidae,Saguinus,inustus,,,,,,,,,
Saguinus_labiatus,Primates,Callitrichidae,Saguinus,labiatus,,Y,0,0,0,,,,
Saguinus_leucopus,Primates,Callitrichidae,Saguinus,leucopus,,Y,0,0,0,,,,
Saguinus_martinsi,Primates,Callitrichidae,Saguinus,martinsi,,,,,,,,,
Saguinus_melanoleucus,Primates,Callitrichidae,Saguinus,melanoleucus,,,,,,,,,
Saguinus_midas,Primates,Callitrichidae,Saguinus,midas,,Y,1,0,1,,,,
Saguinus_mystax,Primates,Callitrichidae,Saguinus,mystax,,Y,1,1,1,,,,
Saguinus_niger,Primates,Callitrichidae,Saguinus,niger,,,,,,,,,
Saguinus_nigricollis,Primates,Callitrichidae,Saguinus,nigricollis,,Y,0,0,0,,,,
Saguinus_oedipus,Primates,Callitrichidae,Saguinus,oedipus,,Y,1,1,1,,,,
Saguinus_tripartitus,Primates,Callitrichidae,Saguinus,tripartitus,,,,,,,,,
Saimiri_boliviensis,Primates,Cebidae,Saimiri,boliviensis,,Y,0,0,0,,,,
Saimiri_oerstedii,Primates,Cebidae,Saimiri,oerstedii,,Y,0,0,0,,,,
Saimiri_sciureus,Primates,Cebidae,Saimiri,sciureus,,Y,1,1,1,,,,
Saimiri_ustus,Primates,Cebidae,Saimiri,ustus,,,,,,,,,
Saimiri_vanzolinii,Primates,Cebidae,Saimiri,vanzolinii,,,,,,,,,
Sapajus_apella,Primates,Cebidae,Sapajus,apella,,Y,1,1,1,,,,
Sapajus_cay,Primates,Cebidae,Sapajus,cay,,,,,,,,,
Sapajus_flavius,Primates,Cebidae,Sapajus,flavius,,,,,,,,,
Sapajus_libidinosus,Primates,Cebidae,Sapajus,libidinosus,,Y,0,0,0,,,,
Sapajus_macrocephalus,Primates,Cebidae,Sapajus,macrocephalus,,,,,,,,,
Sapajus_nigritus,Primates,Cebidae,Sapajus,nigritus,,Y,0,0,0,,,,
Sapajus_robustus,Primates,Cebidae,Sapajus,robustus,,,,,,,,,
Sapajus_xanthosternos,Primates,Cebidae,Sapajus,xanthosternos,,,,,,,,,
Sciurocheirus_alleni,Primates,Galagidae,Sciurocheirus,alleni,,Y,0,0,0,,,,
Sciurocheirus_gabonensis,Primates,Galagidae,Sciurocheirus,gabonensis,,,,,,,,,
Semnopithecus_ajax,Primates,Cercopithecidae,Semnopithecus,ajax,,Y,0,0,0,,,,
Semnopithecus_dussumieri,Primates,Cercopithecidae,Semnopithecus,dussumieri,,,,,,,,,
Semnopithecus_entellus,Primates,Cercopithecidae,Semnopithecus,entellus,,Y,1,1,1,,,,
Semnopithecus_hector,Primates,Cercopithecidae,Semnopithecus,hector,,,,,,,,,
Semnopithecus_hypoleucos,Primates,Cercopithecidae,Semnopithecus,hypoleucos,,,,,,,,,
Semnopithecus_priam,Primates,Cercopithecidae,Semnopithecus,priam,,Y,0,0,0,,,,
Semnopithecus_schistaceus,Primates,Cercopithecidae,Semnopithecus,schistaceus,,,,,,,,,
Simias_concolor,Primates,Cercopithecidae,Simias,concolor,,Y,0,0,0,,,,
Symphalangus_syndactylus,Primates,Hylobatidae,Symphalangus,syndactylus,,Y,0,1,1,,,,
Tarsius_bancanus,Primates,Tarsiidae,Tarsius,bancanus,,Y,0,0,0,,,,
Tarsius_dentatus,Primates,Tarsiidae,Tarsius,dentatus,,Y,0,0,0,,,,
Tarsius_lariang,Primates,Tarsiidae,Tarsius,lariang,,,,,,,,,
Tarsius_pelengensis,Primates,Tarsiidae,Tarsius,pelengensis,,,,,,,,,
Tarsius_pumilus,Primates,Tarsiidae,Tarsius,pumilus,,Y,0,0,0,,,,
Tarsius_sangirensis,Primates,Tarsiidae,Tarsius,sangirensis,,,,,,,,,
Tarsius_syrichta,Primates,Tarsiidae,Tarsius,syrichta,,Y,0,0,0,,,,
Tarsius_tarsier,Primates,Tarsiidae,Tarsius,tarsier,,Y,0,0,0,,,,
Tarsius_tumpara,Primates,Tarsiidae,Tarsius,tumpara,,,,,,,,,
Tarsius_wallacei,Primates,Tarsiidae,Tarsius,wallacei,,,,,,,,,
Theropithecus_gelada,Primates,Cercopithecidae,Theropithecus,gelada,,Y,1,1,1,,,,
Trachypithecus_auratus,Primates,Cercopithecidae,Trachypithecus,auratus,,Y,0,0,0,,,,
Trachypithecus_barbei,Primates,Cercopithecidae,Trachypithecus,barbei,,,,,,,,,
Trachypithecus_cristatus,Primates,Cercopithecidae,Trachypithecus,cristatus,,Y,0,0,0,,,,
Trachypithecus_delacouri,Primates,Cercopithecidae,Trachypithecus,delacouri,,Y,0,0,0,,,,
Trachypithecus_francoisi,Primates,Cercopithecidae,Trachypithecus,francoisi,,Y,1,0,1,,,,
Trachypithecus_geei,Primates,Cercopithecidae,Trachypithecus,geei,,Y,0,0,0,,,,
Trachypithecus_germaini,Primates,Cercopithecidae,Trachypithecus,germaini,,,,,,,,,
Trachypithecus_hatinhensis,Primates,Cercopithecidae,Trachypithecus,hatinhensis,,,,,,,,,
Trachypithecus_johnii,Primates,Cercopithecidae,Trachypithecus,johnii,,Y,1,1,1,,,,
Trachypithecus_laotum,Primates,Cercopithecidae,Trachypithecus,laotum,,,,,,,,,
Trachypithecus_obscurus,Primates,Cercopithecidae,Trachypithecus,obscurus,,Y,0,0,0,,,,
Trachypithecus_phayrei,Primates,Cercopithecidae,Trachypithecus,phayrei,,Y,0,0,0,,,,
Trachypithecus_pileatus,Primates,Cercopithecidae,Trachypithecus,pileatus,,Y,0,0,0,,,,
Trachypithecus_poliocephalus,Primates,Cercopithecidae,Trachypithecus,poliocephalus,,Y,0,0,0,,,,
Trachypithecus_shortridgei,Primates,Cercopithecidae,Trachypithecus,shortridgei,,Y,0,0,0,,,,
Trachypithecus_vetulus,Primates,Cercopithecidae,Trachypithecus,vetulus,,Y,0,0,0,,,,
Varecia_rubra,Primates,Lemuridae,Varecia,rubra,,Y,1,0,1,,,,
Varecia_variegata,Primates,Lemuridae,Varecia,variegata,,Y,1,1,1,,,,
Xenothrix_mcgregori,Primates,Pitheciidae,Xenothrix,mcgregori,,,,,,,,,
