Binomial.1.2,Order.1.2,Family.1.2,Genus.1.2,Species.1.2,,1700 Matched Species,FSSB,MSSB,SSB,,Total Species,SSB Data Present,Percent Covered
Aplodontia_rufa,Rodentia,Aplodontiidae,Aplodontia,rufa,,Y,0,0,0,,310,117,37.74193548
Chaetocauda_sichuanensis,Rodentia,Gliridae,Chaetocauda,sichuanensis,,,,,,,,,
Dryomys_laniger,Rodentia,Gliridae,Dryomys,laniger,,,,,,,,,
Dryomys_niethammeri,Rodentia,Gliridae,Dryomys,niethammeri,,,,,,,,,
Dryomys_nitedula,Rodentia,Gliridae,Dryomys,nitedula,,Y,0,0,0,,,,
Eliomys_melanurus,Rodentia,Gliridae,Eliomys,melanurus,,Y,0,0,0,,,,
Eliomys_morpheus,Rodentia,Gliridae,Eliomys,morpheus,,,,,,,,,
Eliomys_munbyanus,Rodentia,Gliridae,Eliomys,munbyanus,,,,,,,,,
Eliomys_quercinus,Rodentia,Gliridae,Eliomys,quercinus,,Y,0,0,0,,,,
Glirulus_japonicus,Rodentia,Gliridae,Glirulus,japonicus,,,,,,,,,
Glis_glis,Rodentia,Gliridae,Glis,glis,,Y,0,0,0,,,,
Graphiurus_angolensis,Rodentia,Gliridae,Graphiurus,angolensis,,,,,,,,,
Graphiurus_christyi,Rodentia,Gliridae,Graphiurus,christyi,,,,,,,,,
Graphiurus_crassicaudatus,Rodentia,Gliridae,Graphiurus,crassicaudatus,,,,,,,,,
Graphiurus_johnstoni,Rodentia,Gliridae,Graphiurus,johnstoni,,,,,,,,,
Graphiurus_kelleni,Rodentia,Gliridae,Graphiurus,kelleni,,,,,,,,,
Graphiurus_lorraineus,Rodentia,Gliridae,Graphiurus,lorraineus,,,,,,,,,
Graphiurus_microtis,Rodentia,Gliridae,Graphiurus,microtis,,,,,,,,,
Graphiurus_monardi,Rodentia,Gliridae,Graphiurus,monardi,,,,,,,,,
Graphiurus_murinus,Rodentia,Gliridae,Graphiurus,murinus,,Y,0,0,0,,,,
Graphiurus_nagtglasii,Rodentia,Gliridae,Graphiurus,nagtglasii,,,,,,,,,
Graphiurus_ocularis,Rodentia,Gliridae,Graphiurus,ocularis,,,,,,,,,
Graphiurus_platyops,Rodentia,Gliridae,Graphiurus,platyops,,,,,,,,,
Graphiurus_rupicola,Rodentia,Gliridae,Graphiurus,rupicola,,,,,,,,,
Graphiurus_surdus,Rodentia,Gliridae,Graphiurus,surdus,,,,,,,,,
Muscardinus_avellanarius,Rodentia,Gliridae,Muscardinus,avellanarius,,Y,0,0,0,,,,
Myomimus_personatus,Rodentia,Gliridae,Myomimus,personatus,,,,,,,,,
Myomimus_roachi,Rodentia,Gliridae,Myomimus,roachi,,,,,,,,,
Myomimus_setzeri,Rodentia,Gliridae,Myomimus,setzeri,,Y,0,0,0,,,,
Selevinia_betpakdalaensis,Rodentia,Gliridae,Selevinia,betpakdalaensis,,,,,,,,,
Aeretes_melanopterus,Rodentia,Sciuridae,Aeretes,melanopterus,,,,,,,,,
Aeromys_tephromelas,Rodentia,Sciuridae,Aeromys,tephromelas,,,,,,,,,
Aeromys_thomasi,Rodentia,Sciuridae,Aeromys,thomasi,,,,,,,,,
Ammospermophilus_harrisii,Rodentia,Sciuridae,Ammospermophilus,harrisii,,Y,0,0,0,,,,
Ammospermophilus_interpres,Rodentia,Sciuridae,Ammospermophilus,interpres,,Y,0,0,0,,,,
Ammospermophilus_leucurus,Rodentia,Sciuridae,Ammospermophilus,leucurus,,Y,0,0,0,,,,
Ammospermophilus_nelsoni,Rodentia,Sciuridae,Ammospermophilus,nelsoni,,,,,,,,,
Atlantoxerus_getulus,Rodentia,Sciuridae,Atlantoxerus,getulus,,,,,,,,,
Belomys_pearsonii,Rodentia,Sciuridae,Belomys,pearsonii,,,,,,,,,
Biswamoyopterus_biswasi,Rodentia,Sciuridae,Biswamoyopterus,biswasi,,,,,,,,,
Callosciurus_adamsi,Rodentia,Sciuridae,Callosciurus,adamsi,,,,,,,,,
Callosciurus_albescens,Rodentia,Sciuridae,Callosciurus,albescens,,,,,,,,,
Callosciurus_baluensis,Rodentia,Sciuridae,Callosciurus,baluensis,,,,,,,,,
Callosciurus_caniceps,Rodentia,Sciuridae,Callosciurus,caniceps,,Y,0,0,0,,,,
Callosciurus_erythraeus,Rodentia,Sciuridae,Callosciurus,erythraeus,,Y,0,0,0,,,,
Callosciurus_finlaysonii,Rodentia,Sciuridae,Callosciurus,finlaysonii,,,,,,,,,
Callosciurus_inornatus,Rodentia,Sciuridae,Callosciurus,inornatus,,,,,,,,,
Callosciurus_melanogaster,Rodentia,Sciuridae,Callosciurus,melanogaster,,,,,,,,,
Callosciurus_nigrovittatus,Rodentia,Sciuridae,Callosciurus,nigrovittatus,,Y,0,0,0,,,,
Callosciurus_notatus,Rodentia,Sciuridae,Callosciurus,notatus,,Y,0,0,0,,,,
Callosciurus_orestes,Rodentia,Sciuridae,Callosciurus,orestes,,,,,,,,,
Callosciurus_phayrei,Rodentia,Sciuridae,Callosciurus,phayrei,,,,,,,,,
Callosciurus_prevostii,Rodentia,Sciuridae,Callosciurus,prevostii,,,,,,,,,
Callosciurus_pygerythrus,Rodentia,Sciuridae,Callosciurus,pygerythrus,,,,,,,,,
Callosciurus_quinquestriatus,Rodentia,Sciuridae,Callosciurus,quinquestriatus,,,,,,,,,
Callospermophilus_lateralis,Rodentia,Sciuridae,Callospermophilus,lateralis,,Y,0,0,0,,,,
Callospermophilus_madrensis,Rodentia,Sciuridae,Callospermophilus,madrensis,,,,,,,,,
Callospermophilus_saturatus,Rodentia,Sciuridae,Callospermophilus,saturatus,,,,,,,,,
Cynomys_gunnisoni,Rodentia,Sciuridae,Cynomys,gunnisoni,,Y,0,0,0,,,,
Cynomys_leucurus,Rodentia,Sciuridae,Cynomys,leucurus,,Y,0,0,0,,,,
Cynomys_ludovicianus,Rodentia,Sciuridae,Cynomys,ludovicianus,,Y,0,0,0,,,,
Cynomys_mexicanus,Rodentia,Sciuridae,Cynomys,mexicanus,,Y,0,0,0,,,,
Cynomys_parvidens,Rodentia,Sciuridae,Cynomys,parvidens,,Y,0,0,0,,,,
Dremomys_everetti,Rodentia,Sciuridae,Dremomys,everetti,,,,,,,,,
Dremomys_gularis,Rodentia,Sciuridae,Dremomys,gularis,,,,,,,,,
Dremomys_lokriah,Rodentia,Sciuridae,Dremomys,lokriah,,,,,,,,,
Dremomys_pernyi,Rodentia,Sciuridae,Dremomys,pernyi,,,,,,,,,
Dremomys_pyrrhomerus,Rodentia,Sciuridae,Dremomys,pyrrhomerus,,,,,,,,,
Dremomys_rufigenis,Rodentia,Sciuridae,Dremomys,rufigenis,,,,,,,,,
Eoglaucomys_fimbriatus,Rodentia,Sciuridae,Eoglaucomys,fimbriatus,,Y,0,0,0,,,,
Epixerus_ebii,Rodentia,Sciuridae,Epixerus,ebii,,Y,0,0,0,,,,
Eupetaurus_cinereus,Rodentia,Sciuridae,Eupetaurus,cinereus,,Y,0,0,0,,,,
Eutamias_sibiricus,Rodentia,Sciuridae,Eutamias,sibiricus,,Y,0,0,0,,,,
Exilisciurus_concinnus,Rodentia,Sciuridae,Exilisciurus,concinnus,,,,,,,,,
Exilisciurus_exilis,Rodentia,Sciuridae,Exilisciurus,exilis,,,,,,,,,
Exilisciurus_whiteheadi,Rodentia,Sciuridae,Exilisciurus,whiteheadi,,,,,,,,,
Funambulus_layardi,Rodentia,Sciuridae,Funambulus,layardi,,,,,,,,,
Funambulus_palmarum,Rodentia,Sciuridae,Funambulus,palmarum,,Y,0,0,0,,,,
Funambulus_pennantii,Rodentia,Sciuridae,Funambulus,pennantii,,Y,0,0,0,,,,
Funambulus_sublineatus,Rodentia,Sciuridae,Funambulus,sublineatus,,,,,,,,,
Funambulus_tristriatus,Rodentia,Sciuridae,Funambulus,tristriatus,,Y,0,0,0,,,,
Funisciurus_anerythrus,Rodentia,Sciuridae,Funisciurus,anerythrus,,Y,0,0,0,,,,
Funisciurus_bayonii,Rodentia,Sciuridae,Funisciurus,bayonii,,,,,,,,,
Funisciurus_carruthersi,Rodentia,Sciuridae,Funisciurus,carruthersi,,,,,,,,,
Funisciurus_congicus,Rodentia,Sciuridae,Funisciurus,congicus,,Y,0,0,0,,,,
Funisciurus_duchaillui,Rodentia,Sciuridae,Funisciurus,duchaillui,,,,,,,,,
Funisciurus_isabella,Rodentia,Sciuridae,Funisciurus,isabella,,Y,0,0,0,,,,
Funisciurus_lemniscatus,Rodentia,Sciuridae,Funisciurus,lemniscatus,,Y,0,0,0,,,,
Funisciurus_leucogenys,Rodentia,Sciuridae,Funisciurus,leucogenys,,,,,,,,,
Funisciurus_pyrropus,Rodentia,Sciuridae,Funisciurus,pyrropus,,,,,,,,,
Funisciurus_substriatus,Rodentia,Sciuridae,Funisciurus,substriatus,,,,,,,,,
Glaucomys_sabrinus,Rodentia,Sciuridae,Glaucomys,sabrinus,,Y,0,0,0,,,,
Glaucomys_volans,Rodentia,Sciuridae,Glaucomys,volans,,Y,0,0,0,,,,
Glyphotes_simus,Rodentia,Sciuridae,Glyphotes,simus,,,,,,,,,
Heliosciurus_gambianus,Rodentia,Sciuridae,Heliosciurus,gambianus,,,,,,,,,
Heliosciurus_mutabilis,Rodentia,Sciuridae,Heliosciurus,mutabilis,,,,,,,,,
Heliosciurus_punctatus,Rodentia,Sciuridae,Heliosciurus,punctatus,,,,,,,,,
Heliosciurus_rufobrachium,Rodentia,Sciuridae,Heliosciurus,rufobrachium,,Y,0,0,0,,,,
Heliosciurus_ruwenzorii,Rodentia,Sciuridae,Heliosciurus,ruwenzorii,,,,,,,,,
Heliosciurus_undulatus,Rodentia,Sciuridae,Heliosciurus,undulatus,,,,,,,,,
Hylopetes_alboniger,Rodentia,Sciuridae,Hylopetes,alboniger,,,,,,,,,
Hylopetes_bartelsi,Rodentia,Sciuridae,Hylopetes,bartelsi,,,,,,,,,
Hylopetes_lepidus,Rodentia,Sciuridae,Hylopetes,lepidus,,,,,,,,,
Hylopetes_nigripes,Rodentia,Sciuridae,Hylopetes,nigripes,,Y,0,0,0,,,,
Hylopetes_phayrei,Rodentia,Sciuridae,Hylopetes,phayrei,,,,,,,,,
Hylopetes_platyurus,Rodentia,Sciuridae,Hylopetes,platyurus,,,,,,,,,
Hylopetes_sipora,Rodentia,Sciuridae,Hylopetes,sipora,,,,,,,,,
Hylopetes_spadiceus,Rodentia,Sciuridae,Hylopetes,spadiceus,,,,,,,,,
Hylopetes_winstoni,Rodentia,Sciuridae,Hylopetes,winstoni,,,,,,,,,
Hyosciurus_heinrichi,Rodentia,Sciuridae,Hyosciurus,heinrichi,,,,,,,,,
Hyosciurus_ileile,Rodentia,Sciuridae,Hyosciurus,ileile,,,,,,,,,
Ictidomys_mexicanus,Rodentia,Sciuridae,Ictidomys,mexicanus,,,,,,,,,
Ictidomys_tridecemlineatus,Rodentia,Sciuridae,Ictidomys,tridecemlineatus,,Y,0,0,0,,,,
Iomys_horsfieldii,Rodentia,Sciuridae,Iomys,horsfieldii,,,,,,,,,
Iomys_sipora,Rodentia,Sciuridae,Iomys,sipora,,,,,,,,,
Lariscus_hosei,Rodentia,Sciuridae,Lariscus,hosei,,,,,,,,,
Lariscus_insignis,Rodentia,Sciuridae,Lariscus,insignis,,,,,,,,,
Lariscus_niobe,Rodentia,Sciuridae,Lariscus,niobe,,,,,,,,,
Lariscus_obscurus,Rodentia,Sciuridae,Lariscus,obscurus,,,,,,,,,
Marmota_baibacina,Rodentia,Sciuridae,Marmota,baibacina,,,,,,,,,
Marmota_bobak,Rodentia,Sciuridae,Marmota,bobak,,Y,0,0,0,,,,
Marmota_broweri,Rodentia,Sciuridae,Marmota,broweri,,,,,,,,,
Marmota_caligata,Rodentia,Sciuridae,Marmota,caligata,,Y,1,0,1,,,,
Marmota_camtschatica,Rodentia,Sciuridae,Marmota,camtschatica,,,,,,,,,
Marmota_caudata,Rodentia,Sciuridae,Marmota,caudata,,Y,0,0,0,,,,
Marmota_flaviventris,Rodentia,Sciuridae,Marmota,flaviventris,,Y,1,0,1,,,,
Marmota_himalayana,Rodentia,Sciuridae,Marmota,himalayana,,Y,0,0,0,,,,
Marmota_marmota,Rodentia,Sciuridae,Marmota,marmota,,Y,0,0,0,,,,
Marmota_menzbieri,Rodentia,Sciuridae,Marmota,menzbieri,,,,,,,,,
Marmota_monax,Rodentia,Sciuridae,Marmota,monax,,Y,0,0,0,,,,
Marmota_olympus,Rodentia,Sciuridae,Marmota,olympus,,Y,1,0,1,,,,
Marmota_sibirica,Rodentia,Sciuridae,Marmota,sibirica,,Y,0,0,0,,,,
Marmota_vancouverensis,Rodentia,Sciuridae,Marmota,vancouverensis,,Y,0,0,0,,,,
Menetes_berdmorei,Rodentia,Sciuridae,Menetes,berdmorei,,Y,0,0,0,,,,
Microsciurus_alfari,Rodentia,Sciuridae,Microsciurus,alfari,,,,,,,,,
Microsciurus_flaviventer,Rodentia,Sciuridae,Microsciurus,flaviventer,,,,,,,,,
Microsciurus_mimulus,Rodentia,Sciuridae,Microsciurus,mimulus,,,,,,,,,
Microsciurus_santanderensis,Rodentia,Sciuridae,Microsciurus,santanderensis,,,,,,,,,
Myosciurus_pumilio,Rodentia,Sciuridae,Myosciurus,pumilio,,Y,0,0,0,,,,
Nannosciurus_melanotis,Rodentia,Sciuridae,Nannosciurus,melanotis,,,,,,,,,
Neotamias_alpinus,Rodentia,Sciuridae,Neotamias,alpinus,,,,,,,,,
Neotamias_amoenus,Rodentia,Sciuridae,Neotamias,amoenus,,Y,0,0,0,,,,
Neotamias_bulleri,Rodentia,Sciuridae,Neotamias,bulleri,,,,,,,,,
Neotamias_canipes,Rodentia,Sciuridae,Neotamias,canipes,,,,,,,,,
Neotamias_cinereicollis,Rodentia,Sciuridae,Neotamias,cinereicollis,,Y,0,0,0,,,,
Neotamias_dorsalis,Rodentia,Sciuridae,Neotamias,dorsalis,,,,,,,,,
Neotamias_durangae,Rodentia,Sciuridae,Neotamias,durangae,,,,,,,,,
Neotamias_merriami,Rodentia,Sciuridae,Neotamias,merriami,,,,,,,,,
Neotamias_minimus,Rodentia,Sciuridae,Neotamias,minimus,,Y,1,1,1,,,,
Neotamias_obscurus,Rodentia,Sciuridae,Neotamias,obscurus,,,,,,,,,
Neotamias_ochrogenys,Rodentia,Sciuridae,Neotamias,ochrogenys,,,,,,,,,
Neotamias_palmeri,Rodentia,Sciuridae,Neotamias,palmeri,,,,,,,,,
Neotamias_panamintinus,Rodentia,Sciuridae,Neotamias,panamintinus,,,,,,,,,
Neotamias_quadrimaculatus,Rodentia,Sciuridae,Neotamias,quadrimaculatus,,Y,0,0,0,,,,
Neotamias_quadrivittatus,Rodentia,Sciuridae,Neotamias,quadrivittatus,,,,,,,,,
Neotamias_ruficaudus,Rodentia,Sciuridae,Neotamias,ruficaudus,,,,,,,,,
Neotamias_rufus,Rodentia,Sciuridae,Neotamias,rufus,,,,,,,,,
Neotamias_senex,Rodentia,Sciuridae,Neotamias,senex,,Y,0,0,0,,,,
Neotamias_siskiyou,Rodentia,Sciuridae,Neotamias,siskiyou,,,,,,,,,
Neotamias_sonomae,Rodentia,Sciuridae,Neotamias,sonomae,,,,,,,,,
Neotamias_speciosus,Rodentia,Sciuridae,Neotamias,speciosus,,Y,0,0,0,,,,
Neotamias_townsendii,Rodentia,Sciuridae,Neotamias,townsendii,,Y,0,0,0,,,,
Neotamias_umbrinus,Rodentia,Sciuridae,Neotamias,umbrinus,,Y,0,0,0,,,,
Notocitellus_adocetus,Rodentia,Sciuridae,Notocitellus,adocetus,,,,,,,,,
Notocitellus_annulatus,Rodentia,Sciuridae,Notocitellus,annulatus,,,,,,,,,
Otospermophilus_beecheyi,Rodentia,Sciuridae,Otospermophilus,beecheyi,,Y,0,0,0,,,,
Otospermophilus_variegatus,Rodentia,Sciuridae,Otospermophilus,variegatus,,Y,0,0,0,,,,
Paraxerus_alexandri,Rodentia,Sciuridae,Paraxerus,alexandri,,,,,,,,,
Paraxerus_boehmi,Rodentia,Sciuridae,Paraxerus,boehmi,,,,,,,,,
Paraxerus_cepapi,Rodentia,Sciuridae,Paraxerus,cepapi,,Y,1,1,1,,,,
Paraxerus_cooperi,Rodentia,Sciuridae,Paraxerus,cooperi,,,,,,,,,
Paraxerus_flavovittis,Rodentia,Sciuridae,Paraxerus,flavovittis,,,,,,,,,
Paraxerus_lucifer,Rodentia,Sciuridae,Paraxerus,lucifer,,,,,,,,,
Paraxerus_ochraceus,Rodentia,Sciuridae,Paraxerus,ochraceus,,Y,0,0,0,,,,
Paraxerus_palliatus,Rodentia,Sciuridae,Paraxerus,palliatus,,Y,0,0,0,,,,
Paraxerus_poensis,Rodentia,Sciuridae,Paraxerus,poensis,,Y,0,0,0,,,,
Paraxerus_vexillarius,Rodentia,Sciuridae,Paraxerus,vexillarius,,,,,,,,,
Paraxerus_vincenti,Rodentia,Sciuridae,Paraxerus,vincenti,,,,,,,,,
Petaurillus_emiliae,Rodentia,Sciuridae,Petaurillus,emiliae,,,,,,,,,
Petaurillus_hosei,Rodentia,Sciuridae,Petaurillus,hosei,,Y,0,0,0,,,,
Petaurillus_kinlochii,Rodentia,Sciuridae,Petaurillus,kinlochii,,,,,,,,,
Petaurista_alborufus,Rodentia,Sciuridae,Petaurista,alborufus,,Y,0,0,0,,,,
Petaurista_elegans,Rodentia,Sciuridae,Petaurista,elegans,,,,,,,,,
Petaurista_leucogenys,Rodentia,Sciuridae,Petaurista,leucogenys,,,,,,,,,
Petaurista_magnificus,Rodentia,Sciuridae,Petaurista,magnificus,,,,,,,,,
Petaurista_mechukaensis,Rodentia,Sciuridae,Petaurista,mechukaensis,,,,,,,,,
Petaurista_mishmiensis,Rodentia,Sciuridae,Petaurista,mishmiensis,,,,,,,,,
Petaurista_nobilis,Rodentia,Sciuridae,Petaurista,nobilis,,,,,,,,,
Petaurista_petaurista,Rodentia,Sciuridae,Petaurista,petaurista,,Y,0,0,0,,,,
Petaurista_philippensis,Rodentia,Sciuridae,Petaurista,philippensis,,Y,0,0,0,,,,
Petaurista_xanthotis,Rodentia,Sciuridae,Petaurista,xanthotis,,,,,,,,,
Petinomys_crinitus,Rodentia,Sciuridae,Petinomys,crinitus,,,,,,,,,
Petinomys_fuscocapillus,Rodentia,Sciuridae,Petinomys,fuscocapillus,,,,,,,,,
Petinomys_genibarbis,Rodentia,Sciuridae,Petinomys,genibarbis,,,,,,,,,
Petinomys_hageni,Rodentia,Sciuridae,Petinomys,hageni,,,,,,,,,
Petinomys_lugens,Rodentia,Sciuridae,Petinomys,lugens,,,,,,,,,
Petinomys_mindanensis,Rodentia,Sciuridae,Petinomys,mindanensis,,,,,,,,,
Petinomys_sagitta,Rodentia,Sciuridae,Petinomys,sagitta,,,,,,,,,
Petinomys_setosus,Rodentia,Sciuridae,Petinomys,setosus,,,,,,,,,
Petinomys_vordermanni,Rodentia,Sciuridae,Petinomys,vordermanni,,,,,,,,,
Poliocitellus_franklinii,Rodentia,Sciuridae,Poliocitellus,franklinii,,Y,0,0,0,,,,
Prosciurillus_abstrusus,Rodentia,Sciuridae,Prosciurillus,abstrusus,,,,,,,,,
Prosciurillus_leucomus,Rodentia,Sciuridae,Prosciurillus,leucomus,,,,,,,,,
Prosciurillus_murinus,Rodentia,Sciuridae,Prosciurillus,murinus,,,,,,,,,
Prosciurillus_rosenbergii,Rodentia,Sciuridae,Prosciurillus,rosenbergii,,,,,,,,,
Prosciurillus_weberi,Rodentia,Sciuridae,Prosciurillus,weberi,,,,,,,,,
Protoxerus_aubinnii,Rodentia,Sciuridae,Protoxerus,aubinnii,,,,,,,,,
Protoxerus_stangeri,Rodentia,Sciuridae,Protoxerus,stangeri,,Y,0,0,0,,,,
Pteromys_momonga,Rodentia,Sciuridae,Pteromys,momonga,,,,,,,,,
Pteromys_volans,Rodentia,Sciuridae,Pteromys,volans,,Y,0,0,0,,,,
Pteromyscus_pulverulentus,Rodentia,Sciuridae,Pteromyscus,pulverulentus,,,,,,,,,
Ratufa_affinis,Rodentia,Sciuridae,Ratufa,affinis,,Y,0,0,0,,,,
Ratufa_bicolor,Rodentia,Sciuridae,Ratufa,bicolor,,Y,0,0,0,,,,
Ratufa_indica,Rodentia,Sciuridae,Ratufa,indica,,Y,0,0,0,,,,
Ratufa_macroura,Rodentia,Sciuridae,Ratufa,macroura,,,,,,,,,
Rheithrosciurus_macrotis,Rodentia,Sciuridae,Rheithrosciurus,macrotis,,,,,,,,,
Rhinosciurus_laticaudatus,Rodentia,Sciuridae,Rhinosciurus,laticaudatus,,Y,0,0,0,,,,
Rubrisciurus_rubriventer,Rodentia,Sciuridae,Rubrisciurus,rubriventer,,,,,,,,,
Sciurillus_pusillus,Rodentia,Sciuridae,Sciurillus,pusillus,,,,,,,,,
Sciurotamias_davidianus,Rodentia,Sciuridae,Sciurotamias,davidianus,,,,,,,,,
Sciurotamias_forresti,Rodentia,Sciuridae,Sciurotamias,forresti,,,,,,,,,
Sciurus_aberti,Rodentia,Sciuridae,Sciurus,aberti,,Y,0,0,0,,,,
Sciurus_aestuans,Rodentia,Sciuridae,Sciurus,aestuans,,,,,,,,,
Sciurus_alleni,Rodentia,Sciuridae,Sciurus,alleni,,,,,,,,,
Sciurus_anomalus,Rodentia,Sciuridae,Sciurus,anomalus,,,,,,,,,
Sciurus_arizonensis,Rodentia,Sciuridae,Sciurus,arizonensis,,,,,,,,,
Sciurus_aureogaster,Rodentia,Sciuridae,Sciurus,aureogaster,,Y,0,0,0,,,,
Sciurus_carolinensis,Rodentia,Sciuridae,Sciurus,carolinensis,,Y,1,1,1,,,,
Sciurus_colliaei,Rodentia,Sciuridae,Sciurus,colliaei,,,,,,,,,
Sciurus_deppei,Rodentia,Sciuridae,Sciurus,deppei,,Y,0,0,0,,,,
Sciurus_flammifer,Rodentia,Sciuridae,Sciurus,flammifer,,,,,,,,,
Sciurus_gilvigularis,Rodentia,Sciuridae,Sciurus,gilvigularis,,,,,,,,,
Sciurus_granatensis,Rodentia,Sciuridae,Sciurus,granatensis,,Y,0,0,0,,,,
Sciurus_griseus,Rodentia,Sciuridae,Sciurus,griseus,,Y,0,0,0,,,,
Sciurus_ignitus,Rodentia,Sciuridae,Sciurus,ignitus,,,,,,,,,
Sciurus_igniventris,Rodentia,Sciuridae,Sciurus,igniventris,,Y,0,0,0,,,,
Sciurus_lis,Rodentia,Sciuridae,Sciurus,lis,,,,,,,,,
Sciurus_nayaritensis,Rodentia,Sciuridae,Sciurus,nayaritensis,,,,,,,,,
Sciurus_niger,Rodentia,Sciuridae,Sciurus,niger,,Y,0,0,0,,,,
Sciurus_oculatus,Rodentia,Sciuridae,Sciurus,oculatus,,,,,,,,,
Sciurus_pucheranii,Rodentia,Sciuridae,Sciurus,pucheranii,,Y,0,0,0,,,,
Sciurus_pyrrhinus,Rodentia,Sciuridae,Sciurus,pyrrhinus,,,,,,,,,
Sciurus_richmondi,Rodentia,Sciuridae,Sciurus,richmondi,,,,,,,,,
Sciurus_sanborni,Rodentia,Sciuridae,Sciurus,sanborni,,,,,,,,,
Sciurus_spadiceus,Rodentia,Sciuridae,Sciurus,spadiceus,,Y,0,0,0,,,,
Sciurus_stramineus,Rodentia,Sciuridae,Sciurus,stramineus,,,,,,,,,
Sciurus_variegatoides,Rodentia,Sciuridae,Sciurus,variegatoides,,Y,0,0,0,,,,
Sciurus_vulgaris,Rodentia,Sciuridae,Sciurus,vulgaris,,Y,0,0,0,,,,
Sciurus_yucatanensis,Rodentia,Sciuridae,Sciurus,yucatanensis,,,,,,,,,
Spermophilopsis_leptodactylus,Rodentia,Sciuridae,Spermophilopsis,leptodactylus,,,,,,,,,
Spermophilus_alashanicus,Rodentia,Sciuridae,Spermophilus,alashanicus,,,,,,,,,
Spermophilus_brevicauda,Rodentia,Sciuridae,Spermophilus,brevicauda,,,,,,,,,
Spermophilus_citellus,Rodentia,Sciuridae,Spermophilus,citellus,,Y,0,0,0,,,,
Spermophilus_dauricus,Rodentia,Sciuridae,Spermophilus,dauricus,,,,,,,,,
Spermophilus_erythrogenys,Rodentia,Sciuridae,Spermophilus,erythrogenys,,Y,0,0,0,,,,
Spermophilus_fulvus,Rodentia,Sciuridae,Spermophilus,fulvus,,Y,0,0,0,,,,
Spermophilus_major,Rodentia,Sciuridae,Spermophilus,major,,,,,,,,,
Spermophilus_musicus,Rodentia,Sciuridae,Spermophilus,musicus,,,,,,,,,
Spermophilus_pallidicauda,Rodentia,Sciuridae,Spermophilus,pallidicauda,,,,,,,,,
Spermophilus_pygmaeus,Rodentia,Sciuridae,Spermophilus,pygmaeus,,Y,0,0,0,,,,
Spermophilus_ralli,Rodentia,Sciuridae,Spermophilus,ralli,,,,,,,,,
Spermophilus_relictus,Rodentia,Sciuridae,Spermophilus,relictus,,Y,0,0,0,,,,
Spermophilus_suslicus,Rodentia,Sciuridae,Spermophilus,suslicus,,Y,0,0,0,,,,
Spermophilus_taurensis,Rodentia,Sciuridae,Spermophilus,taurensis,,,,,,,,,
Spermophilus_xanthoprymnus,Rodentia,Sciuridae,Spermophilus,xanthoprymnus,,,,,,,,,
Sundasciurus_brookei,Rodentia,Sciuridae,Sundasciurus,brookei,,,,,,,,,
Sundasciurus_davensis,Rodentia,Sciuridae,Sundasciurus,davensis,,,,,,,,,
Sundasciurus_fraterculus,Rodentia,Sciuridae,Sundasciurus,fraterculus,,,,,,,,,
Sundasciurus_hippurus,Rodentia,Sciuridae,Sundasciurus,hippurus,,Y,0,0,0,,,,
Sundasciurus_hoogstraali,Rodentia,Sciuridae,Sundasciurus,hoogstraali,,,,,,,,,
Sundasciurus_jentinki,Rodentia,Sciuridae,Sundasciurus,jentinki,,,,,,,,,
Sundasciurus_juvencus,Rodentia,Sciuridae,Sundasciurus,juvencus,,,,,,,,,
Sundasciurus_lowii,Rodentia,Sciuridae,Sundasciurus,lowii,,Y,0,0,0,,,,
Sundasciurus_mindanensis,Rodentia,Sciuridae,Sundasciurus,mindanensis,,,,,,,,,
Sundasciurus_moellendorffi,Rodentia,Sciuridae,Sundasciurus,moellendorffi,,,,,,,,,
Sundasciurus_philippinensis,Rodentia,Sciuridae,Sundasciurus,philippinensis,,,,,,,,,
Sundasciurus_rabori,Rodentia,Sciuridae,Sundasciurus,rabori,,,,,,,,,
Sundasciurus_samarensis,Rodentia,Sciuridae,Sundasciurus,samarensis,,,,,,,,,
Sundasciurus_steerii,Rodentia,Sciuridae,Sundasciurus,steerii,,Y,0,0,0,,,,
Sundasciurus_tenuis,Rodentia,Sciuridae,Sundasciurus,tenuis,,Y,0,0,0,,,,
Syntheosciurus_brochus,Rodentia,Sciuridae,Syntheosciurus,brochus,,,,,,,,,
Tamias_striatus,Rodentia,Sciuridae,Tamias,striatus,,Y,0,0,0,,,,
Tamiasciurus_douglasii,Rodentia,Sciuridae,Tamiasciurus,douglasii,,Y,0,1,1,,,,
Tamiasciurus_hudsonicus,Rodentia,Sciuridae,Tamiasciurus,hudsonicus,,Y,1,1,1,,,,
Tamiasciurus_mearnsi,Rodentia,Sciuridae,Tamiasciurus,mearnsi,,Y,0,0,0,,,,
Tamiops_macclellandii,Rodentia,Sciuridae,Tamiops,macclellandii,,Y,0,0,0,,,,
Tamiops_maritimus,Rodentia,Sciuridae,Tamiops,maritimus,,,,,,,,,
Tamiops_rodolphii,Rodentia,Sciuridae,Tamiops,rodolphii,,,,,,,,,
Tamiops_swinhoei,Rodentia,Sciuridae,Tamiops,swinhoei,,,,,,,,,
Trogopterus_xanthipes,Rodentia,Sciuridae,Trogopterus,xanthipes,,,,,,,,,
Urocitellus_armatus,Rodentia,Sciuridae,Urocitellus,armatus,,Y,0,0,0,,,,
Urocitellus_beldingi,Rodentia,Sciuridae,Urocitellus,beldingi,,Y,0,0,0,,,,
Urocitellus_brunneus,Rodentia,Sciuridae,Urocitellus,brunneus,,,,,,,,,
Urocitellus_canus,Rodentia,Sciuridae,Urocitellus,canus,,,,,,,,,
Urocitellus_columbianus,Rodentia,Sciuridae,Urocitellus,columbianus,,Y,0,0,0,,,,
Urocitellus_elegans,Rodentia,Sciuridae,Urocitellus,elegans,,Y,0,0,0,,,,
Urocitellus_mollis,Rodentia,Sciuridae,Urocitellus,mollis,,Y,0,0,0,,,,
Urocitellus_parryii,Rodentia,Sciuridae,Urocitellus,parryii,,Y,0,0,0,,,,
Urocitellus_richardsonii,Rodentia,Sciuridae,Urocitellus,richardsonii,,Y,0,0,0,,,,
Urocitellus_townsendii,Rodentia,Sciuridae,Urocitellus,townsendii,,Y,0,0,0,,,,
Urocitellus_undulatus,Rodentia,Sciuridae,Urocitellus,undulatus,,Y,0,0,0,,,,
Urocitellus_washingtoni,Rodentia,Sciuridae,Urocitellus,washingtoni,,Y,0,0,0,,,,
Xerospermophilus_mohavensis,Rodentia,Sciuridae,Xerospermophilus,mohavensis,,Y,0,0,0,,,,
Xerospermophilus_perotensis,Rodentia,Sciuridae,Xerospermophilus,perotensis,,,,,,,,,
Xerospermophilus_spilosoma,Rodentia,Sciuridae,Xerospermophilus,spilosoma,,Y,0,0,0,,,,
Xerospermophilus_tereticaudus,Rodentia,Sciuridae,Xerospermophilus,tereticaudus,,Y,0,0,0,,,,
Xerus_erythropus,Rodentia,Sciuridae,Xerus,erythropus,,Y,0,0,0,,,,
Xerus_inauris,Rodentia,Sciuridae,Xerus,inauris,,Y,0,0,0,,,,
Xerus_princeps,Rodentia,Sciuridae,Xerus,princeps,,,,,,,,,
Xerus_rutilus,Rodentia,Sciuridae,Xerus,rutilus,,Y,0,0,0,,,,