Binomial.1.2,Order.1.2,Family.1.2,Genus.1.2,Species.1.2,,1700 Matched Species,FSSB,MSSB,SSB,,Total Species,SSB Data Present,Percent Covered
Caenolestes_caniventer,Paucituberculata,Caenolestidae,Caenolestes,caniventer,,,,,,,388,132,34.02061856
Caenolestes_condorensis,Paucituberculata,Caenolestidae,Caenolestes,condorensis,,,,,,,,,
Caenolestes_convelatus,Paucituberculata,Caenolestidae,Caenolestes,convelatus,,,,,,,,,
Caenolestes_fuliginosus,Paucituberculata,Caenolestidae,Caenolestes,fuliginosus,,,,,,,,,
Caenolestes_sangay,Paucituberculata,Caenolestidae,Caenolestes,sangay,,,,,,,,,
Lestoros_inca,Paucituberculata,Caenolestidae,Lestoros,inca,,,,,,,,,
Rhyncholestes_raphanurus,Paucituberculata,Caenolestidae,Rhyncholestes,raphanurus,,,,,,,,,
Caluromys_derbianus,Didelphimorphia,Didelphidae,Caluromys,derbianus,,Y,0,0,0,,,,
Caluromys_lanatus,Didelphimorphia,Didelphidae,Caluromys,lanatus,,,,,,,,,
Caluromys_philander,Didelphimorphia,Didelphidae,Caluromys,philander,,Y,0,0,0,,,,
Caluromysiops_irrupta,Didelphimorphia,Didelphidae,Caluromysiops,irrupta,,Y,0,0,0,,,,
Chacodelphys_formosa,Didelphimorphia,Didelphidae,Chacodelphys,formosa,,,,,,,,,
Chironectes_minimus,Didelphimorphia,Didelphidae,Chironectes,minimus,,Y,0,0,0,,,,
Cryptonanus_agricolai,Didelphimorphia,Didelphidae,Cryptonanus,agricolai,,,,,,,,,
Cryptonanus_chacoensis,Didelphimorphia,Didelphidae,Cryptonanus,chacoensis,,,,,,,,,
Cryptonanus_guahybae,Didelphimorphia,Didelphidae,Cryptonanus,guahybae,,,,,,,,,
Cryptonanus_ignitus,Didelphimorphia,Didelphidae,Cryptonanus,ignitus,,,,,,,,,
Cryptonanus_unduaviensis,Didelphimorphia,Didelphidae,Cryptonanus,unduaviensis,,,,,,,,,
Didelphis_albiventris,Didelphimorphia,Didelphidae,Didelphis,albiventris,,Y,0,0,0,,,,
Didelphis_aurita,Didelphimorphia,Didelphidae,Didelphis,aurita,,Y,0,0,0,,,,
Didelphis_imperfecta,Didelphimorphia,Didelphidae,Didelphis,imperfecta,,,,,,,,,
Didelphis_marsupialis,Didelphimorphia,Didelphidae,Didelphis,marsupialis,,Y,0,0,0,,,,
Didelphis_pernigra,Didelphimorphia,Didelphidae,Didelphis,pernigra,,Y,0,0,0,,,,
Didelphis_virginiana,Didelphimorphia,Didelphidae,Didelphis,virginiana,,Y,0,0,0,,,,
Glironia_venusta,Didelphimorphia,Didelphidae,Glironia,venusta,,,,,,,,,
Gracilinanus_aceramarcae,Didelphimorphia,Didelphidae,Gracilinanus,aceramarcae,,,,,,,,,
Gracilinanus_agilis,Didelphimorphia,Didelphidae,Gracilinanus,agilis,,Y,0,0,0,,,,
Gracilinanus_dryas,Didelphimorphia,Didelphidae,Gracilinanus,dryas,,,,,,,,,
Gracilinanus_emiliae,Didelphimorphia,Didelphidae,Gracilinanus,emiliae,,,,,,,,,
Gracilinanus_marica,Didelphimorphia,Didelphidae,Gracilinanus,marica,,,,,,,,,
Gracilinanus_microtarsus,Didelphimorphia,Didelphidae,Gracilinanus,microtarsus,,,,,,,,,
Hyladelphys_kalinowskii,Didelphimorphia,Didelphidae,Hyladelphys,kalinowskii,,,,,,,,,
Lestodelphys_halli,Didelphimorphia,Didelphidae,Lestodelphys,halli,,,,,,,,,
Lutreolina_crassicaudata,Didelphimorphia,Didelphidae,Lutreolina,crassicaudata,,Y,0,0,0,,,,
Lutreolina_massoia,Didelphimorphia,Didelphidae,Lutreolina,massoia,,,,,,,,,
Marmosa_alstoni,Didelphimorphia,Didelphidae,Marmosa,alstoni,,,,,,,,,
Marmosa_andersoni,Didelphimorphia,Didelphidae,Marmosa,andersoni,,,,,,,,,
Marmosa_constantiae,Didelphimorphia,Didelphidae,Marmosa,constantiae,,,,,,,,,
Marmosa_demerarae,Didelphimorphia,Didelphidae,Marmosa,demerarae,,Y,0,0,0,,,,
Marmosa_lepida,Didelphimorphia,Didelphidae,Marmosa,lepida,,,,,,,,,
Marmosa_mexicana,Didelphimorphia,Didelphidae,Marmosa,mexicana,,,,,,,,,
Marmosa_murina,Didelphimorphia,Didelphidae,Marmosa,murina,,Y,0,0,0,,,,
Marmosa_paraguayanus,Didelphimorphia,Didelphidae,Marmosa,paraguayanus,,Y,0,0,0,,,,
Marmosa_phaea,Didelphimorphia,Didelphidae,Marmosa,phaea,,,,,,,,,
Marmosa_quichua,Didelphimorphia,Didelphidae,Marmosa,quichua,,,,,,,,,
Marmosa_regina,Didelphimorphia,Didelphidae,Marmosa,regina,,,,,,,,,
Marmosa_robinsoni,Didelphimorphia,Didelphidae,Marmosa,robinsoni,,Y,0,0,0,,,,
Marmosa_rubra,Didelphimorphia,Didelphidae,Marmosa,rubra,,,,,,,,,
Marmosa_tyleriana,Didelphimorphia,Didelphidae,Marmosa,tyleriana,,,,,,,,,
Marmosa_xerophila,Didelphimorphia,Didelphidae,Marmosa,xerophila,,,,,,,,,
Marmosops_bishopi,Didelphimorphia,Didelphidae,Marmosops,bishopi,,,,,,,,,
Marmosops_cracens,Didelphimorphia,Didelphidae,Marmosops,cracens,,,,,,,,,
Marmosops_creightoni,Didelphimorphia,Didelphidae,Marmosops,creightoni,,,,,,,,,
Marmosops_fuscatus,Didelphimorphia,Didelphidae,Marmosops,fuscatus,,Y,0,0,0,,,,
Marmosops_handleyi,Didelphimorphia,Didelphidae,Marmosops,handleyi,,,,,,,,,
Marmosops_impavidus,Didelphimorphia,Didelphidae,Marmosops,impavidus,,,,,,,,,
Marmosops_incanus,Didelphimorphia,Didelphidae,Marmosops,incanus,,,,,,,,,
Marmosops_invictus,Didelphimorphia,Didelphidae,Marmosops,invictus,,,,,,,,,
Marmosops_juninensis,Didelphimorphia,Didelphidae,Marmosops,juninensis,,,,,,,,,
Marmosops_neblina,Didelphimorphia,Didelphidae,Marmosops,neblina,,,,,,,,,
Marmosops_noctivagus,Didelphimorphia,Didelphidae,Marmosops,noctivagus,,Y,0,0,0,,,,
Marmosops_ocellatus,Didelphimorphia,Didelphidae,Marmosops,ocellatus,,,,,,,,,
Marmosops_pakaraimae,Didelphimorphia,Didelphidae,Marmosops,pakaraimae,,,,,,,,,
Marmosops_parvidens,Didelphimorphia,Didelphidae,Marmosops,parvidens,,Y,0,0,0,,,,
Marmosops_paulensis,Didelphimorphia,Didelphidae,Marmosops,paulensis,,Y,0,0,0,,,,
Marmosops_pinheiroi,Didelphimorphia,Didelphidae,Marmosops,pinheiroi,,,,,,,,,
Metachirus_nudicaudatus,Didelphimorphia,Didelphidae,Metachirus,nudicaudatus,,Y,0,0,0,,,,
Monodelphis_adusta,Didelphimorphia,Didelphidae,Monodelphis,adusta,,,,,,,,,
Monodelphis_americana,Didelphimorphia,Didelphidae,Monodelphis,americana,,Y,0,0,0,,,,
Monodelphis_brevicaudata,Didelphimorphia,Didelphidae,Monodelphis,brevicaudata,,Y,0,0,0,,,,
Monodelphis_dimidiata,Didelphimorphia,Didelphidae,Monodelphis,dimidiata,,Y,0,0,0,,,,
Monodelphis_domestica,Didelphimorphia,Didelphidae,Monodelphis,domestica,,Y,0,0,0,,,,
Monodelphis_emiliae,Didelphimorphia,Didelphidae,Monodelphis,emiliae,,,,,,,,,
Monodelphis_glirina,Didelphimorphia,Didelphidae,Monodelphis,glirina,,,,,,,,,
Monodelphis_handleyi,Didelphimorphia,Didelphidae,Monodelphis,handleyi,,,,,,,,,
Monodelphis_iheringi,Didelphimorphia,Didelphidae,Monodelphis,iheringi,,,,,,,,,
Monodelphis_kunsi,Didelphimorphia,Didelphidae,Monodelphis,kunsi,,,,,,,,,
Monodelphis_osgoodi,Didelphimorphia,Didelphidae,Monodelphis,osgoodi,,,,,,,,,
Monodelphis_palliolata,Didelphimorphia,Didelphidae,Monodelphis,palliolata,,,,,,,,,
Monodelphis_peruviana,Didelphimorphia,Didelphidae,Monodelphis,peruviana,,,,,,,,,
Monodelphis_reigi,Didelphimorphia,Didelphidae,Monodelphis,reigi,,,,,,,,,
Monodelphis_ronaldi,Didelphimorphia,Didelphidae,Monodelphis,ronaldi,,,,,,,,,
Monodelphis_scalops,Didelphimorphia,Didelphidae,Monodelphis,scalops,,,,,,,,,
Monodelphis_unistriata,Didelphimorphia,Didelphidae,Monodelphis,unistriata,,,,,,,,,
Philander_andersoni,Didelphimorphia,Didelphidae,Philander,andersoni,,,,,,,,,
Philander_deltae,Didelphimorphia,Didelphidae,Philander,deltae,,,,,,,,,
Philander_frenatus,Didelphimorphia,Didelphidae,Philander,frenatus,,,,,,,,,
Philander_mcilhennyi,Didelphimorphia,Didelphidae,Philander,mcilhennyi,,,,,,,,,
Philander_mondolfii,Didelphimorphia,Didelphidae,Philander,mondolfii,,,,,,,,,
Philander_olrogi,Didelphimorphia,Didelphidae,Philander,olrogi,,,,,,,,,
Philander_opossum,Didelphimorphia,Didelphidae,Philander,opossum,,Y,0,0,0,,,,
Thylamys_cinderella,Didelphimorphia,Didelphidae,Thylamys,cinderella,,,,,,,,,
Thylamys_citellus,Didelphimorphia,Didelphidae,Thylamys,citellus,,,,,,,,,
Thylamys_elegans,Didelphimorphia,Didelphidae,Thylamys,elegans,,Y,0,0,0,,,,
Thylamys_fenestrae,Didelphimorphia,Didelphidae,Thylamys,fenestrae,,,,,,,,,
Thylamys_karimii,Didelphimorphia,Didelphidae,Thylamys,karimii,,,,,,,,,
Thylamys_macrurus,Didelphimorphia,Didelphidae,Thylamys,macrurus,,,,,,,,,
Thylamys_pallidior,Didelphimorphia,Didelphidae,Thylamys,pallidior,,,,,,,,,
Thylamys_pulchellus,Didelphimorphia,Didelphidae,Thylamys,pulchellus,,,,,,,,,
Thylamys_pusillus,Didelphimorphia,Didelphidae,Thylamys,pusillus,,Y,0,0,0,,,,
Thylamys_tatei,Didelphimorphia,Didelphidae,Thylamys,tatei,,,,,,,,,
Thylamys_velutinus,Didelphimorphia,Didelphidae,Thylamys,velutinus,,Y,0,0,0,,,,
Thylamys_venustus,Didelphimorphia,Didelphidae,Thylamys,venustus,,,,,,,,,
Tlacuatzin_canescens,Didelphimorphia,Didelphidae,Tlacuatzin,canescens,,Y,0,0,0,,,,
Dromiciops_gliroides,Microbiotheria,Microbiotheriidae,Dromiciops,gliroides,,Y,0,0,0,,,,
Notoryctes_caurinus,Notoryctemorphia,Notoryctidae,Notoryctes,caurinus,,,,,,,,,
Notoryctes_typhlops,Notoryctemorphia,Notoryctidae,Notoryctes,typhlops,,,,,,,,,
Antechinomys_laniger,Dasyuromorphia,Dasyuridae,Antechinomys,laniger,,,,,,,,,
Antechinus_adustus,Dasyuromorphia,Dasyuridae,Antechinus,adustus,,,,,,,,,
Antechinus_agilis,Dasyuromorphia,Dasyuridae,Antechinus,agilis,,Y,0,0,0,,,,
Antechinus_bellus,Dasyuromorphia,Dasyuridae,Antechinus,bellus,,Y,0,0,0,,,,
Antechinus_flavipes,Dasyuromorphia,Dasyuridae,Antechinus,flavipes,,Y,0,0,0,,,,
Antechinus_godmani,Dasyuromorphia,Dasyuridae,Antechinus,godmani,,Y,0,0,0,,,,
Antechinus_leo,Dasyuromorphia,Dasyuridae,Antechinus,leo,,Y,0,0,0,,,,
Antechinus_minimus,Dasyuromorphia,Dasyuridae,Antechinus,minimus,,Y,0,0,0,,,,
Antechinus_stuartii,Dasyuromorphia,Dasyuridae,Antechinus,stuartii,,Y,1,1,1,,,,
Antechinus_subtropicus,Dasyuromorphia,Dasyuridae,Antechinus,subtropicus,,,,,,,,,
Antechinus_swainsonii,Dasyuromorphia,Dasyuridae,Antechinus,swainsonii,,Y,0,0,0,,,,
Dasycercus_blythi,Dasyuromorphia,Dasyuridae,Dasycercus,blythi,,,,,,,,,
Dasycercus_cristicauda,Dasyuromorphia,Dasyuridae,Dasycercus,cristicauda,,,,,,,,,
Dasykaluta_rosamondae,Dasyuromorphia,Dasyuridae,Dasykaluta,rosamondae,,,,,,,,,
Dasyuroides_byrnei,Dasyuromorphia,Dasyuridae,Dasyuroides,byrnei,,,,,,,,,
Dasyurus_albopunctatus,Dasyuromorphia,Dasyuridae,Dasyurus,albopunctatus,,,,,,,,,
Dasyurus_geoffroii,Dasyuromorphia,Dasyuridae,Dasyurus,geoffroii,,Y,0,0,0,,,,
Dasyurus_hallucatus,Dasyuromorphia,Dasyuridae,Dasyurus,hallucatus,,Y,1,1,1,,,,
Dasyurus_maculatus,Dasyuromorphia,Dasyuridae,Dasyurus,maculatus,,Y,0,0,0,,,,
Dasyurus_spartacus,Dasyuromorphia,Dasyuridae,Dasyurus,spartacus,,,,,,,,,
Dasyurus_viverrinus,Dasyuromorphia,Dasyuridae,Dasyurus,viverrinus,,Y,0,0,0,,,,
Murexia_habbema,Dasyuromorphia,Dasyuridae,Murexia,habbema,,,,,,,,,
Murexia_longicaudata,Dasyuromorphia,Dasyuridae,Murexia,longicaudata,,,,,,,,,
Murexia_melanurus,Dasyuromorphia,Dasyuridae,Murexia,melanurus,,Y,0,0,0,,,,
Murexia_naso,Dasyuromorphia,Dasyuridae,Murexia,naso,,Y,0,0,0,,,,
Murexia_rothschildi,Dasyuromorphia,Dasyuridae,Murexia,rothschildi,,,,,,,,,
Myoictis_leucura,Dasyuromorphia,Dasyuridae,Myoictis,leucura,,,,,,,,,
Myoictis_melas,Dasyuromorphia,Dasyuridae,Myoictis,melas,,,,,,,,,
Myoictis_wallacei,Dasyuromorphia,Dasyuridae,Myoictis,wallacei,,,,,,,,,
Myoictis_wavicus,Dasyuromorphia,Dasyuridae,Myoictis,wavicus,,,,,,,,,
Myrmecobius_fasciatus,Dasyuromorphia,Myrmecobiidae,Myrmecobius,fasciatus,,Y,0,0,0,,,,
Neophascogale_lorentzii,Dasyuromorphia,Dasyuridae,Neophascogale,lorentzii,,,,,,,,,
Ningaui_ridei,Dasyuromorphia,Dasyuridae,Ningaui,ridei,,,,,,,,,
Ningaui_timealeyi,Dasyuromorphia,Dasyuridae,Ningaui,timealeyi,,,,,,,,,
Ningaui_yvonneae,Dasyuromorphia,Dasyuridae,Ningaui,yvonneae,,,,,,,,,
Parantechinus_apicalis,Dasyuromorphia,Dasyuridae,Parantechinus,apicalis,,Y,0,0,0,,,,
Phascogale_calura,Dasyuromorphia,Dasyuridae,Phascogale,calura,,,,,,,,,
Phascogale_pirata,Dasyuromorphia,Dasyuridae,Phascogale,pirata,,,,,,,,,
Phascogale_tapoatafa,Dasyuromorphia,Dasyuridae,Phascogale,tapoatafa,,Y,0,0,0,,,,
Phascolosorex_doriae,Dasyuromorphia,Dasyuridae,Phascolosorex,doriae,,,,,,,,,
Phascolosorex_dorsalis,Dasyuromorphia,Dasyuridae,Phascolosorex,dorsalis,,,,,,,,,
Planigale_gilesi,Dasyuromorphia,Dasyuridae,Planigale,gilesi,,Y,0,0,0,,,,
Planigale_ingrami,Dasyuromorphia,Dasyuridae,Planigale,ingrami,,,,,,,,,
Planigale_maculata,Dasyuromorphia,Dasyuridae,Planigale,maculata,,,,,,,,,
Planigale_novaeguineae,Dasyuromorphia,Dasyuridae,Planigale,novaeguineae,,,,,,,,,
Planigale_tenuirostris,Dasyuromorphia,Dasyuridae,Planigale,tenuirostris,,,,,,,,,
Pseudantechinus_bilarni,Dasyuromorphia,Dasyuridae,Pseudantechinus,bilarni,,,,,,,,,
Pseudantechinus_macdonnellensis,Dasyuromorphia,Dasyuridae,Pseudantechinus,macdonnellensis,,,,,,,,,
Pseudantechinus_mimulus,Dasyuromorphia,Dasyuridae,Pseudantechinus,mimulus,,,,,,,,,
Pseudantechinus_ningbing,Dasyuromorphia,Dasyuridae,Pseudantechinus,ningbing,,,,,,,,,
Pseudantechinus_roryi,Dasyuromorphia,Dasyuridae,Pseudantechinus,roryi,,,,,,,,,
Pseudantechinus_woolleyae,Dasyuromorphia,Dasyuridae,Pseudantechinus,woolleyae,,,,,,,,,
Sarcophilus_harrisii,Dasyuromorphia,Dasyuridae,Sarcophilus,harrisii,,Y,0,0,1,,,,
Sminthopsis_aitkeni,Dasyuromorphia,Dasyuridae,Sminthopsis,aitkeni,,,,,,,,,
Sminthopsis_archeri,Dasyuromorphia,Dasyuridae,Sminthopsis,archeri,,,,,,,,,
Sminthopsis_bindi,Dasyuromorphia,Dasyuridae,Sminthopsis,bindi,,,,,,,,,
Sminthopsis_butleri,Dasyuromorphia,Dasyuridae,Sminthopsis,butleri,,,,,,,,,
Sminthopsis_crassicaudata,Dasyuromorphia,Dasyuridae,Sminthopsis,crassicaudata,,Y,1,1,1,,,,
Sminthopsis_dolichura,Dasyuromorphia,Dasyuridae,Sminthopsis,dolichura,,,,,,,,,
Sminthopsis_douglasi,Dasyuromorphia,Dasyuridae,Sminthopsis,douglasi,,,,,,,,,
Sminthopsis_fuliginosus,Dasyuromorphia,Dasyuridae,Sminthopsis,fuliginosus,,,,,,,,,
Sminthopsis_gilberti,Dasyuromorphia,Dasyuridae,Sminthopsis,gilberti,,,,,,,,,
Sminthopsis_granulipes,Dasyuromorphia,Dasyuridae,Sminthopsis,granulipes,,,,,,,,,
Sminthopsis_griseoventer,Dasyuromorphia,Dasyuridae,Sminthopsis,griseoventer,,,,,,,,,
Sminthopsis_hirtipes,Dasyuromorphia,Dasyuridae,Sminthopsis,hirtipes,,Y,0,0,0,,,,
Sminthopsis_leucopus,Dasyuromorphia,Dasyuridae,Sminthopsis,leucopus,,Y,0,0,0,,,,
Sminthopsis_longicaudata,Dasyuromorphia,Dasyuridae,Sminthopsis,longicaudata,,,,,,,,,
Sminthopsis_macroura,Dasyuromorphia,Dasyuridae,Sminthopsis,macroura,,Y,0,0,0,,,,
Sminthopsis_murina,Dasyuromorphia,Dasyuridae,Sminthopsis,murina,,Y,0,0,0,,,,
Sminthopsis_ooldea,Dasyuromorphia,Dasyuridae,Sminthopsis,ooldea,,,,,,,,,
Sminthopsis_psammophila,Dasyuromorphia,Dasyuridae,Sminthopsis,psammophila,,,,,,,,,
Sminthopsis_virginiae,Dasyuromorphia,Dasyuridae,Sminthopsis,virginiae,,,,,,,,,
Sminthopsis_youngsoni,Dasyuromorphia,Dasyuridae,Sminthopsis,youngsoni,,Y,0,0,0,,,,
Thylacinus_cynocephalus,Dasyuromorphia,Thylacinidae,Thylacinus,cynocephalus,,,,,,,,,
Chaeropus_ecaudatus,Peramelemorphia,Chaeropodidae,Chaeropus,ecaudatus,,,,,,,,,
Echymipera_clara,Peramelemorphia,Peramelidae,Echymipera,clara,,Y,0,0,0,,,,
Echymipera_davidi,Peramelemorphia,Peramelidae,Echymipera,davidi,,,,,,,,,
Echymipera_echinista,Peramelemorphia,Peramelidae,Echymipera,echinista,,,,,,,,,
Echymipera_kalubu,Peramelemorphia,Peramelidae,Echymipera,kalubu,,Y,0,0,0,,,,
Echymipera_rufescens,Peramelemorphia,Peramelidae,Echymipera,rufescens,,,,,,,,,
Isoodon_auratus,Peramelemorphia,Peramelidae,Isoodon,auratus,,Y,0,0,0,,,,
Isoodon_macrourus,Peramelemorphia,Peramelidae,Isoodon,macrourus,,Y,0,0,0,,,,
Isoodon_obesulus,Peramelemorphia,Peramelidae,Isoodon,obesulus,,Y,0,0,0,,,,
Macrotis_lagotis,Peramelemorphia,Thylacomyidae,Macrotis,lagotis,,Y,0,0,0,,,,
Macrotis_leucura,Peramelemorphia,Thylacomyidae,Macrotis,leucura,,,,,,,,,
Microperoryctes_aplini,Peramelemorphia,Peramelidae,Microperoryctes,aplini,,,,,,,,,
Microperoryctes_longicauda,Peramelemorphia,Peramelidae,Microperoryctes,longicauda,,,,,,,,,
Microperoryctes_murina,Peramelemorphia,Peramelidae,Microperoryctes,murina,,,,,,,,,
Microperoryctes_papuensis,Peramelemorphia,Peramelidae,Microperoryctes,papuensis,,,,,,,,,
Perameles_bougainville,Peramelemorphia,Peramelidae,Perameles,bougainville,,Y,0,0,0,,,,
Perameles_eremiana,Peramelemorphia,Peramelidae,Perameles,eremiana,,,,,,,,,
Perameles_gunnii,Peramelemorphia,Peramelidae,Perameles,gunnii,,Y,0,0,0,,,,
Perameles_nasuta,Peramelemorphia,Peramelidae,Perameles,nasuta,,Y,0,0,0,,,,
Peroryctes_broadbenti,Peramelemorphia,Peramelidae,Peroryctes,broadbenti,,,,,,,,,
Peroryctes_raffrayana,Peramelemorphia,Peramelidae,Peroryctes,raffrayana,,,,,,,,,
Peroryctes_spA,Peramelemorphia,Peramelidae,Peroryctes,spA,,,,,,,,,
PeroryctinaeGen_spA,Peramelemorphia,Peramelidae,PeroryctinaeGen,spA,,,,,,,,,
Rhynchomeles_prattorum,Peramelemorphia,Peramelidae,Rhynchomeles,prattorum,,,,,,,,,
Acrobates_pygmaeus,Diprotodontia,Acrobatidae,Acrobates,pygmaeus,,Y,0,0,0,,,,
Aepyprymnus_rufescens,Diprotodontia,Potoroidae,Aepyprymnus,rufescens,,Y,1,0,1,,,,
Ailurops_melanotis,Diprotodontia,Phalangeridae,Ailurops,melanotis,,,,,,,,,
Ailurops_ursinus,Diprotodontia,Phalangeridae,Ailurops,ursinus,,Y,0,0,0,,,,
Bettongia_anhydra,Diprotodontia,Potoroidae,Bettongia,anhydra,,,,,,,,,
Bettongia_gaimardi,Diprotodontia,Potoroidae,Bettongia,gaimardi,,Y,1,0,1,,,,
Bettongia_lesueur,Diprotodontia,Potoroidae,Bettongia,lesueur,,Y,0,0,0,,,,
Bettongia_penicillata,Diprotodontia,Potoroidae,Bettongia,penicillata,,Y,0,0,0,,,,
Bettongia_pusilla,Diprotodontia,Potoroidae,Bettongia,pusilla,,,,,,,,,
Bettongia_tropica,Diprotodontia,Potoroidae,Bettongia,tropica,,Y,0,0,0,,,,
Borungaboodie_hatcheri,Diprotodontia,Potoroidae,Borungaboodie,hatcheri,,,,,,,,,
Burramys_parvus,Diprotodontia,Burramyidae,Burramys,parvus,,Y,0,0,0,,,,
Caloprymnus_campestris,Diprotodontia,Potoroidae,Caloprymnus,campestris,,,,,,,,,
Cercartetus_caudatus,Diprotodontia,Burramyidae,Cercartetus,caudatus,,Y,0,0,0,,,,
Cercartetus_concinnus,Diprotodontia,Burramyidae,Cercartetus,concinnus,,,,,,,,,
Cercartetus_lepidus,Diprotodontia,Burramyidae,Cercartetus,lepidus,,,,,,,,,
Cercartetus_nanus,Diprotodontia,Burramyidae,Cercartetus,nanus,,Y,0,0,0,,,,
Dactylonax_palpator,Diprotodontia,Petauridae,Dactylonax,palpator,,,,,,,,,
Dactylopsila_kambuayai,Diprotodontia,Petauridae,Dactylopsila,kambuayai,,,,,,,,,
Dactylopsila_megalura,Diprotodontia,Petauridae,Dactylopsila,megalura,,,,,,,,,
Dactylopsila_tatei,Diprotodontia,Petauridae,Dactylopsila,tatei,,,,,,,,,
Dactylopsila_trivirgata,Diprotodontia,Petauridae,Dactylopsila,trivirgata,,Y,0,0,0,,,,
Dendrolagus_bennettianus,Diprotodontia,Macropodidae,Dendrolagus,bennettianus,,Y,0,0,0,,,,
Dendrolagus_dorianus,Diprotodontia,Macropodidae,Dendrolagus,dorianus,,Y,1,0,1,,,,
Dendrolagus_goodfellowi,Diprotodontia,Macropodidae,Dendrolagus,goodfellowi,,,,,,,,,
Dendrolagus_inustus,Diprotodontia,Macropodidae,Dendrolagus,inustus,,Y,0,0,0,,,,
Dendrolagus_lumholtzi,Diprotodontia,Macropodidae,Dendrolagus,lumholtzi,,Y,0,0,0,,,,
Dendrolagus_matschiei,Diprotodontia,Macropodidae,Dendrolagus,matschiei,,Y,1,0,1,,,,
Dendrolagus_mayri,Diprotodontia,Macropodidae,Dendrolagus,mayri,,,,,,,,,
Dendrolagus_mbaiso,Diprotodontia,Macropodidae,Dendrolagus,mbaiso,,,,,,,,,
Dendrolagus_notatus,Diprotodontia,Macropodidae,Dendrolagus,notatus,,,,,,,,,
Dendrolagus_pulcherrimus,Diprotodontia,Macropodidae,Dendrolagus,pulcherrimus,,,,,,,,,
Dendrolagus_scottae,Diprotodontia,Macropodidae,Dendrolagus,scottae,,,,,,,,,
Dendrolagus_spadix,Diprotodontia,Macropodidae,Dendrolagus,spadix,,,,,,,,,
Dendrolagus_stellarum,Diprotodontia,Macropodidae,Dendrolagus,stellarum,,,,,,,,,
Dendrolagus_ursinus,Diprotodontia,Macropodidae,Dendrolagus,ursinus,,,,,,,,,
Diprotodon_optatum,Diprotodontia,Diprotodontidae,Diprotodon,optatum,,,,,,,,,
Distoechurus_pennatus,Diprotodontia,Acrobatidae,Distoechurus,pennatus,,,,,,,,,
Dorcopsis_atrata,Diprotodontia,Macropodidae,Dorcopsis,atrata,,,,,,,,,
Dorcopsis_hageni,Diprotodontia,Macropodidae,Dorcopsis,hageni,,Y,0,0,0,,,,
Dorcopsis_luctuosa,Diprotodontia,Macropodidae,Dorcopsis,luctuosa,,,,,,,,,
Dorcopsis_muelleri,Diprotodontia,Macropodidae,Dorcopsis,muelleri,,,,,,,,,
Dorcopsulus_macleayi,Diprotodontia,Macropodidae,Dorcopsulus,macleayi,,,,,,,,,
Dorcopsulus_vanheurni,Diprotodontia,Macropodidae,Dorcopsulus,vanheurni,,,,,,,,,
Gymnobelideus_leadbeateri,Diprotodontia,Petauridae,Gymnobelideus,leadbeateri,,Y,0,0,0,,,,
Hemibelideus_lemuroides,Diprotodontia,Pseudocheiridae,Hemibelideus,lemuroides,,Y,0,0,0,,,,
Hypsiprymnodon_moschatus,Diprotodontia,Hypsiprymnodontidae,Hypsiprymnodon,moschatus,,Y,0,0,0,,,,
Lagorchestes_asomatus,Diprotodontia,Macropodidae,Lagorchestes,asomatus,,,,,,,,,
Lagorchestes_conspicillatus,Diprotodontia,Macropodidae,Lagorchestes,conspicillatus,,Y,0,0,0,,,,
Lagorchestes_hirsutus,Diprotodontia,Macropodidae,Lagorchestes,hirsutus,,Y,0,0,0,,,,
Lagorchestes_leporides,Diprotodontia,Macropodidae,Lagorchestes,leporides,,,,,,,,,
Lagostrophus_fasciatus,Diprotodontia,Macropodidae,Lagostrophus,fasciatus,,Y,0,0,0,,,,
Lasiorhinus_krefftii,Diprotodontia,Vombatidae,Lasiorhinus,krefftii,,Y,0,0,0,,,,
Lasiorhinus_latifrons,Diprotodontia,Vombatidae,Lasiorhinus,latifrons,,Y,0,0,0,,,,
Macropus_agilis,Diprotodontia,Macropodidae,Macropus,agilis,,Y,0,1,1,,,,
Macropus_antilopinus,Diprotodontia,Macropodidae,Macropus,antilopinus,,Y,0,0,0,,,,
Macropus_bernardus,Diprotodontia,Macropodidae,Macropus,bernardus,,,,,,,,,
Macropus_dorsalis,Diprotodontia,Macropodidae,Macropus,dorsalis,,Y,0,0,0,,,,
Macropus_eugenii,Diprotodontia,Macropodidae,Macropus,eugenii,,Y,0,0,1,,,,
Macropus_ferragus,Diprotodontia,Macropodidae,Macropus,ferragus,,,,,,,,,
Macropus_fuliginosus,Diprotodontia,Macropodidae,Macropus,fuliginosus,,Y,0,1,1,,,,
Macropus_giganteus,Diprotodontia,Macropodidae,Macropus,giganteus,,Y,1,1,1,,,,
Macropus_greyi,Diprotodontia,Macropodidae,Macropus,greyi,,,,,,,,,
Macropus_irma,Diprotodontia,Macropodidae,Macropus,irma,,Y,0,0,0,,,,
Macropus_parma,Diprotodontia,Macropodidae,Macropus,parma,,,,,,,,,
Macropus_parryi,Diprotodontia,Macropodidae,Macropus,parryi,,Y,1,1,1,,,,
Macropus_pearsoni,Diprotodontia,Macropodidae,Macropus,pearsoni,,,,,,,,,
Macropus_robustus,Diprotodontia,Macropodidae,Macropus,robustus,,Y,0,0,1,,,,
Macropus_rufogriseus,Diprotodontia,Macropodidae,Macropus,rufogriseus,,Y,1,1,1,,,,
Macropus_rufus,Diprotodontia,Macropodidae,Macropus,rufus,,Y,0,1,1,,,,
Maokopia_ronaldi,Diprotodontia,Diprotodontidae,Maokopia,ronaldi,,,,,,,,,
Metasthenurus_newtonae,Diprotodontia,Macropodidae,Metasthenurus,newtonae,,,,,,,,,
Onychogalea_fraenata,Diprotodontia,Macropodidae,Onychogalea,fraenata,,Y,0,0,0,,,,
Onychogalea_lunata,Diprotodontia,Macropodidae,Onychogalea,lunata,,,,,,,,,
Onychogalea_unguifera,Diprotodontia,Macropodidae,Onychogalea,unguifera,,,,,,,,,
Palorchestes_azeal,Diprotodontia,Diprotodontidae,Palorchestes,azeal,,,,,,,,,
Petauroides_ayamaruensis,Diprotodontia,Pseudocheiridae,Petauroides,ayamaruensis,,,,,,,,,
Petauroides_volans,Diprotodontia,Pseudocheiridae,Petauroides,volans,,Y,0,0,0,,,,
Petaurus_abidi,Diprotodontia,Petauridae,Petaurus,abidi,,,,,,,,,
Petaurus_australis,Diprotodontia,Petauridae,Petaurus,australis,,Y,0,0,0,,,,
Petaurus_biacensis,Diprotodontia,Petauridae,Petaurus,biacensis,,,,,,,,,
Petaurus_breviceps,Diprotodontia,Petauridae,Petaurus,breviceps,,Y,0,0,0,,,,
Petaurus_gracilis,Diprotodontia,Petauridae,Petaurus,gracilis,,Y,0,0,0,,,,
Petaurus_norfolcensis,Diprotodontia,Petauridae,Petaurus,norfolcensis,,Y,0,0,0,,,,
Petrogale_assimilis,Diprotodontia,Macropodidae,Petrogale,assimilis,,Y,0,0,0,,,,
Petrogale_brachyotis,Diprotodontia,Macropodidae,Petrogale,brachyotis,,,,,,,,,
Petrogale_burbidgei,Diprotodontia,Macropodidae,Petrogale,burbidgei,,,,,,,,,
Petrogale_coenensis,Diprotodontia,Macropodidae,Petrogale,coenensis,,,,,,,,,
Petrogale_concinna,Diprotodontia,Macropodidae,Petrogale,concinna,,,,,,,,,
Petrogale_godmani,Diprotodontia,Macropodidae,Petrogale,godmani,,,,,,,,,
Petrogale_herberti,Diprotodontia,Macropodidae,Petrogale,herberti,,,,,,,,,
Petrogale_inornata,Diprotodontia,Macropodidae,Petrogale,inornata,,,,,,,,,
Petrogale_lateralis,Diprotodontia,Macropodidae,Petrogale,lateralis,,Y,0,1,1,,,,
Petrogale_mareeba,Diprotodontia,Macropodidae,Petrogale,mareeba,,,,,,,,,
Petrogale_penicillata,Diprotodontia,Macropodidae,Petrogale,penicillata,,Y,0,0,0,,,,
Petrogale_persephone,Diprotodontia,Macropodidae,Petrogale,persephone,,Y,0,0,0,,,,
Petrogale_purpureicollis,Diprotodontia,Macropodidae,Petrogale,purpureicollis,,,,,,,,,
Petrogale_rothschildi,Diprotodontia,Macropodidae,Petrogale,rothschildi,,,,,,,,,
Petrogale_sharmani,Diprotodontia,Macropodidae,Petrogale,sharmani,,,,,,,,,
Petrogale_xanthopus,Diprotodontia,Macropodidae,Petrogale,xanthopus,,Y,1,0,1,,,,
Petropseudes_dahli,Diprotodontia,Pseudocheiridae,Petropseudes,dahli,,Y,0,0,0,,,,
Phalanger_alexandrae,Diprotodontia,Phalangeridae,Phalanger,alexandrae,,,,,,,,,
Phalanger_carmelitae,Diprotodontia,Phalangeridae,Phalanger,carmelitae,,,,,,,,,
Phalanger_gymnotis,Diprotodontia,Phalangeridae,Phalanger,gymnotis,,Y,0,0,0,,,,
Phalanger_intercastellanus,Diprotodontia,Phalangeridae,Phalanger,intercastellanus,,,,,,,,,
Phalanger_lullulae,Diprotodontia,Phalangeridae,Phalanger,lullulae,,,,,,,,,
Phalanger_matabiru,Diprotodontia,Phalangeridae,Phalanger,matabiru,,,,,,,,,
Phalanger_matanim,Diprotodontia,Phalangeridae,Phalanger,matanim,,,,,,,,,
Phalanger_mimicus,Diprotodontia,Phalangeridae,Phalanger,mimicus,,,,,,,,,
Phalanger_orientalis,Diprotodontia,Phalangeridae,Phalanger,orientalis,,Y,0,0,0,,,,
Phalanger_ornatus,Diprotodontia,Phalangeridae,Phalanger,ornatus,,,,,,,,,
Phalanger_rothschildi,Diprotodontia,Phalangeridae,Phalanger,rothschildi,,,,,,,,,
Phalanger_sericeus,Diprotodontia,Phalangeridae,Phalanger,sericeus,,,,,,,,,
Phalanger_vestitus,Diprotodontia,Phalangeridae,Phalanger,vestitus,,,,,,,,,
Phascolarctos_cinereus,Diprotodontia,Phascolarctidae,Phascolarctos,cinereus,,Y,1,1,1,,,,
Phascolonus_gigas,Diprotodontia,Vombatidae,Phascolonus,gigas,,,,,,,,,
Potorous_gilbertii,Diprotodontia,Potoroidae,Potorous,gilbertii,,,,,,,,,
Potorous_longipes,Diprotodontia,Potoroidae,Potorous,longipes,,Y,0,0,0,,,,
Potorous_platyops,Diprotodontia,Potoroidae,Potorous,platyops,,,,,,,,,
Potorous_tridactylus,Diprotodontia,Potoroidae,Potorous,tridactylus,,Y,0,0,0,,,,
Procoptodon_browneorum,Diprotodontia,Macropodidae,Procoptodon,browneorum,,,,,,,,,
Procoptodon_gilli,Diprotodontia,Macropodidae,Procoptodon,gilli,,,,,,,,,
Procoptodon_goliah,Diprotodontia,Macropodidae,Procoptodon,goliah,,,,,,,,,
Procoptodon_oreas,Diprotodontia,Macropodidae,Procoptodon,oreas,,,,,,,,,
Procoptodon_rapha,Diprotodontia,Macropodidae,Procoptodon,rapha,,,,,,,,,
Propleopus_oscillans,Diprotodontia,Hypsiprymnodontidae,Propleopus,oscillans,,,,,,,,,
Protemnodon_anak,Diprotodontia,Macropodidae,Protemnodon,anak,,,,,,,,,
Protemnodon_brehus,Diprotodontia,Macropodidae,Protemnodon,brehus,,,,,,,,,
Protemnodon_hopei,Diprotodontia,Macropodidae,Protemnodon,hopei,,,,,,,,,
Protemnodon_nombe,Diprotodontia,Macropodidae,Protemnodon,nombe,,,,,,,,,
Protemnodon_roechus,Diprotodontia,Macropodidae,Protemnodon,roechus,,,,,,,,,
Protemnodon_tumbuna,Diprotodontia,Macropodidae,Protemnodon,tumbuna,,,,,,,,,
Pseudocheirus_occidentalis,Diprotodontia,Pseudocheiridae,Pseudocheirus,occidentalis,,,,,,,,,
Pseudocheirus_peregrinus,Diprotodontia,Pseudocheiridae,Pseudocheirus,peregrinus,,Y,0,0,0,,,,
Pseudochirops_albertisii,Diprotodontia,Pseudocheiridae,Pseudochirops,albertisii,,,,,,,,,
Pseudochirops_archeri,Diprotodontia,Pseudocheiridae,Pseudochirops,archeri,,Y,0,0,0,,,,
Pseudochirops_corinnae,Diprotodontia,Pseudocheiridae,Pseudochirops,corinnae,,,,,,,,,
Pseudochirops_coronatus,Diprotodontia,Pseudocheiridae,Pseudochirops,coronatus,,,,,,,,,
Pseudochirops_cupreus,Diprotodontia,Pseudocheiridae,Pseudochirops,cupreus,,,,,,,,,
Pseudochirulus_canescens,Diprotodontia,Pseudocheiridae,Pseudochirulus,canescens,,,,,,,,,
Pseudochirulus_caroli,Diprotodontia,Pseudocheiridae,Pseudochirulus,caroli,,,,,,,,,
Pseudochirulus_cinereus,Diprotodontia,Pseudocheiridae,Pseudochirulus,cinereus,,Y,0,0,0,,,,
Pseudochirulus_forbesi,Diprotodontia,Pseudocheiridae,Pseudochirulus,forbesi,,,,,,,,,
Pseudochirulus_herbertensis,Diprotodontia,Pseudocheiridae,Pseudochirulus,herbertensis,,Y,0,0,0,,,,
Pseudochirulus_larvatus,Diprotodontia,Pseudocheiridae,Pseudochirulus,larvatus,,,,,,,,,
Pseudochirulus_mayeri,Diprotodontia,Pseudocheiridae,Pseudochirulus,mayeri,,,,,,,,,
Pseudochirulus_schlegeli,Diprotodontia,Pseudocheiridae,Pseudochirulus,schlegeli,,,,,,,,,
Setonix_brachyurus,Diprotodontia,Macropodidae,Setonix,brachyurus,,Y,0,0,1,,,,
Simosthenurus_maddocki,Diprotodontia,Macropodidae,Simosthenurus,maddocki,,,,,,,,,
Simosthenurus_occidentalis,Diprotodontia,Macropodidae,Simosthenurus,occidentalis,,,,,,,,,
Simosthenurus_pales,Diprotodontia,Macropodidae,Simosthenurus,pales,,,,,,,,,
Spilocuscus_kraemeri,Diprotodontia,Phalangeridae,Spilocuscus,kraemeri,,,,,,,,,
Spilocuscus_maculatus,Diprotodontia,Phalangeridae,Spilocuscus,maculatus,,Y,0,0,0,,,,
Spilocuscus_papuensis,Diprotodontia,Phalangeridae,Spilocuscus,papuensis,,,,,,,,,
Spilocuscus_rufoniger,Diprotodontia,Phalangeridae,Spilocuscus,rufoniger,,,,,,,,,
Spilocuscus_wilsoni,Diprotodontia,Phalangeridae,Spilocuscus,wilsoni,,,,,,,,,
Sthenurus_andersoni,Diprotodontia,Macropodidae,Sthenurus,andersoni,,,,,,,,,
Sthenurus_atlas,Diprotodontia,Macropodidae,Sthenurus,atlas,,,,,,,,,
Sthenurus_stirlingi,Diprotodontia,Macropodidae,Sthenurus,stirlingi,,,,,,,,,
Sthenurus_tindalei,Diprotodontia,Macropodidae,Sthenurus,tindalei,,,,,,,,,
Strigocuscus_celebensis,Diprotodontia,Phalangeridae,Strigocuscus,celebensis,,,,,,,,,
Strigocuscus_pelengensis,Diprotodontia,Phalangeridae,Strigocuscus,pelengensis,,,,,,,,,
Tarsipes_rostratus,Diprotodontia,Tarsipedidae,Tarsipes,rostratus,,Y,0,0,0,,,,
Thylacoleo_carnifex,Diprotodontia,Thylacoleonidae,Thylacoleo,carnifex,,,,,,,,,
Thylogale_billardierii,Diprotodontia,Macropodidae,Thylogale,billardierii,,Y,0,0,0,,,,
Thylogale_browni,Diprotodontia,Macropodidae,Thylogale,browni,,,,,,,,,
Thylogale_brunii,Diprotodontia,Macropodidae,Thylogale,brunii,,,,,,,,,
Thylogale_calabyi,Diprotodontia,Macropodidae,Thylogale,calabyi,,,,,,,,,
Thylogale_christenseni,Diprotodontia,Macropodidae,Thylogale,christenseni,,,,,,,,,
Thylogale_lanatus,Diprotodontia,Macropodidae,Thylogale,lanatus,,,,,,,,,
Thylogale_stigmatica,Diprotodontia,Macropodidae,Thylogale,stigmatica,,Y,0,0,0,,,,
Thylogale_thetis,Diprotodontia,Macropodidae,Thylogale,thetis,,Y,0,0,0,,,,
Trichosurus_caninus,Diprotodontia,Phalangeridae,Trichosurus,caninus,,Y,0,0,0,,,,
Trichosurus_cunninghami,Diprotodontia,Phalangeridae,Trichosurus,cunninghami,,,,,,,,,
Trichosurus_vulpecula,Diprotodontia,Phalangeridae,Trichosurus,vulpecula,,Y,0,1,1,,,,
Troposodon_minor,Diprotodontia,Macropodidae,Troposodon,minor,,,,,,,,,
Vombatus_hacketti,Diprotodontia,Vombatidae,Vombatus,hacketti,,,,,,,,,
Vombatus_ursinus,Diprotodontia,Vombatidae,Vombatus,ursinus,,Y,0,0,0,,,,
Wallabia_bicolor,Diprotodontia,Macropodidae,Wallabia,bicolor,,Y,0,1,1,,,,
Wallabia_kitcheneri,Diprotodontia,Macropodidae,Wallabia,kitcheneri,,,,,,,,,
Warendja_wakefieldi,Diprotodontia,Vombatidae,Warendja,wakefieldi,,,,,,,,,
Wyulda_squamicaudata,Diprotodontia,Phalangeridae,Wyulda,squamicaudata,,Y,0,0,0,,,,
Zygomaturus_trilobus,Diprotodontia,Diprotodontidae,Zygomaturus,trilobus,,,,,,,,,