Binomial.1.2,Order.1.2,Family.1.2,Genus.1.2,Species.1.2,,1700 Matched Species,FSSB,MSSB,SSB,,Total Species,SSB Data Present,Percent Covered
Cabassous_centralis,Cingulata,CingulataFam,Cabassous,centralis,,,,,,,73,17,23.28767123
Cabassous_chacoensis,Cingulata,CingulataFam,Cabassous,chacoensis,,,,,,,,,
Cabassous_tatouay,Cingulata,CingulataFam,Cabassous,tatouay,,,,,,,,,
Cabassous_unicinctus,Cingulata,CingulataFam,Cabassous,unicinctus,,Y,0,0,0,,,,
Calyptophractus_retusus,Cingulata,CingulataFam,Calyptophractus,retusus,,,,,,,,,
Chaetophractus_vellerosus,Cingulata,CingulataFam,Chaetophractus,vellerosus,,Y,0,0,0,,,,
Chaetophractus_villosus,Cingulata,CingulataFam,Chaetophractus,villosus,,Y,0,0,0,,,,
Chlamyphorus_truncatus,Cingulata,CingulataFam,Chlamyphorus,truncatus,,,,,,,,,
Dasypus_bellus,Cingulata,CingulataFam,Dasypus,bellus,,,,,,,,,
Dasypus_hybridus,Cingulata,CingulataFam,Dasypus,hybridus,,,,,,,,,
Dasypus_kappleri,Cingulata,CingulataFam,Dasypus,kappleri,,,,,,,,,
Dasypus_novemcinctus,Cingulata,CingulataFam,Dasypus,novemcinctus,,Y,0,0,0,,,,
Dasypus_pilosus,Cingulata,CingulataFam,Dasypus,pilosus,,,,,,,,,
Dasypus_sabanicola,Cingulata,CingulataFam,Dasypus,sabanicola,,Y,0,0,0,,,,
Dasypus_septemcinctus,Cingulata,CingulataFam,Dasypus,septemcinctus,,,,,,,,,
Dasypus_yepesi,Cingulata,CingulataFam,Dasypus,yepesi,,,,,,,,,
Doedicurus_clavicaudatus,Cingulata,CingulataFam,Doedicurus,clavicaudatus,,,,,,,,,
Euphractus_sexcinctus,Cingulata,CingulataFam,Euphractus,sexcinctus,,Y,0,0,0,,,,
Eutatus_seguini,Cingulata,CingulataFam,Eutatus,seguini,,,,,,,,,
Glyptodon_clavipes,Cingulata,CingulataFam,Glyptodon,clavipes,,,,,,,,,
Glyptodon_reticulatus,Cingulata,CingulataFam,Glyptodon,reticulatus,,,,,,,,,
Glyptotherium_cylindricum,Cingulata,CingulataFam,Glyptotherium,cylindricum,,,,,,,,,
Glyptotherium_floridanum,Cingulata,CingulataFam,Glyptotherium,floridanum,,,,,,,,,
Holmesina_occidentalis,Cingulata,CingulataFam,Holmesina,occidentalis,,,,,,,,,
Holmesina_paulacoutoi,Cingulata,CingulataFam,Holmesina,paulacoutoi,,,,,,,,,
Holmesina_septentrionalis,Cingulata,CingulataFam,Holmesina,septentrionalis,,,,,,,,,
Hoplophorus_euphractus,Cingulata,CingulataFam,Hoplophorus,euphractus,,,,,,,,,
Neosclerocalyptus_paskoenis,Cingulata,CingulataFam,Neosclerocalyptus,paskoenis,,,,,,,,,
Neuryurus_trabeculatus,Cingulata,CingulataFam,Neuryurus,trabeculatus,,,,,,,,,
Pachyarmatherium_brasiliense,Cingulata,CingulataFam,Pachyarmatherium,brasiliense,,,,,,,,,
Pampatherium_humboldti,Cingulata,CingulataFam,Pampatherium,humboldti,,,,,,,,,
Pampatherium_typum,Cingulata,CingulataFam,Pampatherium,typum,,,,,,,,,
Panochthus_tuberculatus,Cingulata,CingulataFam,Panochthus,tuberculatus,,,,,,,,,
Priodontes_maximus,Cingulata,CingulataFam,Priodontes,maximus,,Y,0,0,0,,,,
Propraopus_punctatus,Cingulata,CingulataFam,Propraopus,punctatus,,,,,,,,,
Propraopus_sulcatus,Cingulata,CingulataFam,Propraopus,sulcatus,,,,,,,,,
Tolypeutes_matacus,Cingulata,CingulataFam,Tolypeutes,matacus,,Y,0,0,0,,,,
Tolypeutes_tricinctus,Cingulata,CingulataFam,Tolypeutes,tricinctus,,,,,,,,,
Zaedyus_pichiy,Cingulata,CingulataFam,Zaedyus,pichiy,,Y,0,0,0,,,,
Acratocnus_odontrigonus,Pilosa,Megalonychidae,Acratocnus,odontrigonus,,,,,,,,,
Acratocnus_ye,Pilosa,Megalonychidae,Acratocnus,ye,,,,,,,,,
Bradypus_pygmaeus,Pilosa,Bradypodidae,Bradypus,pygmaeus,,,,,,,,,
Bradypus_torquatus,Pilosa,Bradypodidae,Bradypus,torquatus,,,,,,,,,
Bradypus_tridactylus,Pilosa,Bradypodidae,Bradypus,tridactylus,,Y,0,0,0,,,,
Bradypus_variegatus,Pilosa,Bradypodidae,Bradypus,variegatus,,Y,0,0,0,,,,
Catonyx_cuvieri,Pilosa,Mylodontidae,Catonyx,cuvieri,,,,,,,,,
Choloepus_didactylus,Pilosa,Megalonychidae,Choloepus,didactylus,,Y,0,0,0,,,,
Choloepus_hoffmanni,Pilosa,Megalonychidae,Choloepus,hoffmanni,,Y,0,0,0,,,,
Cyclopes_didactylus,Pilosa,Cyclopedidae,Cyclopes,didactylus,,Y,0,0,0,,,,
Diabolotherium_nordenskioldi,Pilosa,Megalonychidae,Diabolotherium,nordenskioldi,,,,,,,,,
Eremotherium_laurillardi,Pilosa,Megatheriidae,Eremotherium,laurillardi,,,,,,,,,
Glossotherium_robustum,Pilosa,Mylodontidae,Glossotherium,robustum,,,,,,,,,
Lestodon_armatus,Pilosa,Mylodontidae,Lestodon,armatus,,,,,,,,,
Megalocnus_rodens,Pilosa,Megalonychidae,Megalocnus,rodens,,,,,,,,,
Megalocnus_zile,Pilosa,Megalonychidae,Megalocnus,zile,,,,,,,,,
Megalonyx_jeffersonii,Pilosa,Megalonychidae,Megalonyx,jeffersonii,,,,,,,,,
Megatherium_americanum,Pilosa,Megatheriidae,Megatherium,americanum,,,,,,,,,
Megatherium_tarijense,Pilosa,Megatheriidae,Megatherium,tarijense,,,,,,,,,
Mylodon_darwinii,Pilosa,Mylodontidae,Mylodon,darwinii,,,,,,,,,
Myrmecophaga_tridactyla,Pilosa,Myrmecophagidae,Myrmecophaga,tridactyla,,Y,0,0,0,,,,
Neocnus_comes,Pilosa,Megalonychidae,Neocnus,comes,,,,,,,,,
Neocnus_dousman,Pilosa,Megalonychidae,Neocnus,dousman,,,,,,,,,
Neocnus_toupiti,Pilosa,Megalonychidae,Neocnus,toupiti,,,,,,,,,
Nothrotheriops_shastensis,Pilosa,Nothrotheridae,Nothrotheriops,shastensis,,,,,,,,,
Nothrotherium_maquinense,Pilosa,Nothrotheridae,Nothrotherium,maquinense,,,,,,,,,
Paramylodon_harlani,Pilosa,Mylodontidae,Paramylodon,harlani,,,,,,,,,
Parocnus_browni,Pilosa,Megalonychidae,Parocnus,browni,,,,,,,,,
Parocnus_serus,Pilosa,Megalonychidae,Parocnus,serus,,,,,,,,,
Scelidodon_chiliensis,Pilosa,Mylodontidae,Scelidodon,chiliensis,,,,,,,,,
Scelidotherium_leptocephalum,Pilosa,Mylodontidae,Scelidotherium,leptocephalum,,,,,,,,,
Tamandua_mexicana,Pilosa,Myrmecophagidae,Tamandua,mexicana,,Y,0,0,0,,,,
Tamandua_tetradactyla,Pilosa,Myrmecophagidae,Tamandua,tetradactyla,,Y,0,0,0,,,,
Valgipes_bucklandi,Pilosa,Mylodontidae,Valgipes,bucklandi,,,,,,,,,