Binomial.1.2,Order.1.2,Family.1.2,Genus.1.2,Species.1.2,,1700 Matched Species,FSSB,MSSB,SSB,,Total Species,SSB Data Present,Percent Covered
Antilocapra_americana,Cetartiodactyla,Antilocapridae,Antilocapra,americana,,Y,1,1,1,,305,174,57.04918033
Capromeryx_minor,Cetartiodactyla,Antilocapridae,Capromeryx,minor,,,,,,,,,
Stockoceros_conklingi,Cetartiodactyla,Antilocapridae,Stockoceros,conklingi,,,,,,,,,
Tetrameryx_shuleri,Cetartiodactyla,Antilocapridae,Tetrameryx,shuleri,,,,,,,,,
Addax_nasomaculatus,Cetartiodactyla,Bovidae,Addax,nasomaculatus,,,,,,,,,
Aepyceros_melampus,Cetartiodactyla,Bovidae,Aepyceros,melampus,,Y,0,0,0,,,,
Alcelaphus_buselaphus,Cetartiodactyla,Bovidae,Alcelaphus,buselaphus,,Y,1,0,1,,,,
Ammodorcas_clarkei,Cetartiodactyla,Bovidae,Ammodorcas,clarkei,,Y,0,0,0,,,,
Ammotragus_lervia,Cetartiodactyla,Bovidae,Ammotragus,lervia,,Y,1,1,1,,,,
Antidorcas_australis,Cetartiodactyla,Bovidae,Antidorcas,australis,,,,,,,,,
Antidorcas_bondi,Cetartiodactyla,Bovidae,Antidorcas,bondi,,,,,,,,,
Antidorcas_marsupialis,Cetartiodactyla,Bovidae,Antidorcas,marsupialis,,Y,0,0,0,,,,
Antilope_cervicapra,Cetartiodactyla,Bovidae,Antilope,cervicapra,,Y,1,1,1,,,,
Arabitragus_jayakari,Cetartiodactyla,Bovidae,Arabitragus,jayakari,,,,,,,,,
Beatragus_hunteri,Cetartiodactyla,Bovidae,Beatragus,hunteri,,Y,0,0,0,,,,
Bison_bison,Cetartiodactyla,Bovidae,Bison,bison,,Y,1,1,1,,,,
Bison_bonasus,Cetartiodactyla,Bovidae,Bison,bonasus,,Y,1,1,1,,,,
Bootherium_bombifrons,Cetartiodactyla,Bovidae,Bootherium,bombifrons,,,,,,,,,
Bos_gaurus,Cetartiodactyla,Bovidae,Bos,gaurus,,Y,0,0,0,,,,
Bos_javanicus,Cetartiodactyla,Bovidae,Bos,javanicus,,Y,1,1,1,,,,
Bos_mutus,Cetartiodactyla,Bovidae,Bos,mutus,,Y,0,0,0,,,,
Bos_primigenius,Cetartiodactyla,Bovidae,Bos,primigenius,,Y,1,0,1,,,,
Bos_sauveli,Cetartiodactyla,Bovidae,Bos,sauveli,,,,,,,,,
Boselaphus_tragocamelus,Cetartiodactyla,Bovidae,Boselaphus,tragocamelus,,Y,0,0,0,,,,
Bubalus_arnee,Cetartiodactyla,Bovidae,Bubalus,arnee,,Y,1,0,1,,,,
Bubalus_depressicornis,Cetartiodactyla,Bovidae,Bubalus,depressicornis,,,,,,,,,
Bubalus_grovesi,Cetartiodactyla,Bovidae,Bubalus,grovesi,,,,,,,,,
Bubalus_mindorensis,Cetartiodactyla,Bovidae,Bubalus,mindorensis,,Y,0,0,0,,,,
Bubalus_palaeokerabau,Cetartiodactyla,Bovidae,Bubalus,palaeokerabau,,,,,,,,,
Bubalus_quarlesi,Cetartiodactyla,Bovidae,Bubalus,quarlesi,,,,,,,,,
Budorcas_taxicolor,Cetartiodactyla,Bovidae,Budorcas,taxicolor,,Y,0,0,0,,,,
Capra_aegagrus,Cetartiodactyla,Bovidae,Capra,aegagrus,,Y,0,1,1,,,,
Capra_caucasica,Cetartiodactyla,Bovidae,Capra,caucasica,,Y,0,0,0,,,,
Capra_cylindricornis,Cetartiodactyla,Bovidae,Capra,cylindricornis,,Y,0,0,0,,,,
Capra_falconeri,Cetartiodactyla,Bovidae,Capra,falconeri,,Y,0,1,1,,,,
Capra_ibex,Cetartiodactyla,Bovidae,Capra,ibex,,Y,0,1,1,,,,
Capra_nubiana,Cetartiodactyla,Bovidae,Capra,nubiana,,Y,0,0,0,,,,
Capra_pyrenaica,Cetartiodactyla,Bovidae,Capra,pyrenaica,,Y,0,1,1,,,,
Capra_sibirica,Cetartiodactyla,Bovidae,Capra,sibirica,,Y,1,1,1,,,,
Capra_walie,Cetartiodactyla,Bovidae,Capra,walie,,Y,0,0,0,,,,
Capricornis_crispus,Cetartiodactyla,Bovidae,Capricornis,crispus,,Y,0,0,0,,,,
Capricornis_milneedwardsii,Cetartiodactyla,Bovidae,Capricornis,milneedwardsii,,,,,,,,,
Capricornis_rubidus,Cetartiodactyla,Bovidae,Capricornis,rubidus,,Y,0,0,0,,,,
Capricornis_sumatraensis,Cetartiodactyla,Bovidae,Capricornis,sumatraensis,,Y,0,0,0,,,,
Capricornis_swinhoei,Cetartiodactyla,Bovidae,Capricornis,swinhoei,,Y,0,0,0,,,,
Capricornis_thar,Cetartiodactyla,Bovidae,Capricornis,thar,,Y,0,0,0,,,,
CapriniGen_spA,Cetartiodactyla,Bovidae,CapriniGen,spA,,,,,,,,,
Cephalophus_adersi,Cetartiodactyla,Bovidae,Cephalophus,adersi,,Y,0,0,0,,,,
Cephalophus_callipygus,Cetartiodactyla,Bovidae,Cephalophus,callipygus,,Y,0,0,0,,,,
Cephalophus_dorsalis,Cetartiodactyla,Bovidae,Cephalophus,dorsalis,,Y,0,0,0,,,,
Cephalophus_harveyi,Cetartiodactyla,Bovidae,Cephalophus,harveyi,,,,,,,,,
Cephalophus_jentinki,Cetartiodactyla,Bovidae,Cephalophus,jentinki,,Y,0,0,0,,,,
Cephalophus_leucogaster,Cetartiodactyla,Bovidae,Cephalophus,leucogaster,,Y,0,0,0,,,,
Cephalophus_natalensis,Cetartiodactyla,Bovidae,Cephalophus,natalensis,,Y,0,0,0,,,,
Cephalophus_niger,Cetartiodactyla,Bovidae,Cephalophus,niger,,Y,0,0,0,,,,
Cephalophus_nigrifrons,Cetartiodactyla,Bovidae,Cephalophus,nigrifrons,,Y,0,0,0,,,,
Cephalophus_ogilbyi,Cetartiodactyla,Bovidae,Cephalophus,ogilbyi,,Y,0,0,0,,,,
Cephalophus_rufilatus,Cetartiodactyla,Bovidae,Cephalophus,rufilatus,,Y,0,0,0,,,,
Cephalophus_silvicultor,Cetartiodactyla,Bovidae,Cephalophus,silvicultor,,Y,0,0,0,,,,
Cephalophus_spadix,Cetartiodactyla,Bovidae,Cephalophus,spadix,,,,,,,,,
Cephalophus_weynsi,Cetartiodactyla,Bovidae,Cephalophus,weynsi,,Y,0,0,0,,,,
Cephalophus_zebra,Cetartiodactyla,Bovidae,Cephalophus,zebra,,,,,,,,,
Connochaetes_gnou,Cetartiodactyla,Bovidae,Connochaetes,gnou,,Y,0,0,0,,,,
Connochaetes_taurinus,Cetartiodactyla,Bovidae,Connochaetes,taurinus,,Y,0,0,0,,,,
Damaliscus_hypsodon,Cetartiodactyla,Bovidae,Damaliscus,hypsodon,,,,,,,,,
Damaliscus_lunatus,Cetartiodactyla,Bovidae,Damaliscus,lunatus,,Y,0,0,0,,,,
Damaliscus_niro,Cetartiodactyla,Bovidae,Damaliscus,niro,,,,,,,,,
Damaliscus_pygargus,Cetartiodactyla,Bovidae,Damaliscus,pygargus,,Y,0,0,0,,,,
Dorcatragus_megalotis,Cetartiodactyla,Bovidae,Dorcatragus,megalotis,,,,,,,,,
Euceratherium_collinum,Cetartiodactyla,Bovidae,Euceratherium,collinum,,,,,,,,,
Eudorcas_albonotata,Cetartiodactyla,Bovidae,Eudorcas,albonotata,,,,,,,,,
Eudorcas_rufifrons,Cetartiodactyla,Bovidae,Eudorcas,rufifrons,,Y,0,0,0,,,,
Eudorcas_rufina,Cetartiodactyla,Bovidae,Eudorcas,rufina,,,,,,,,,
Eudorcas_thomsonii,Cetartiodactyla,Bovidae,Eudorcas,thomsonii,,Y,1,1,1,,,,
Gazella_atlantica,Cetartiodactyla,Bovidae,Gazella,atlantica,,,,,,,,,
Gazella_bennettii,Cetartiodactyla,Bovidae,Gazella,bennettii,,Y,0,0,0,,,,
Gazella_bilkis,Cetartiodactyla,Bovidae,Gazella,bilkis,,,,,,,,,
Gazella_cuvieri,Cetartiodactyla,Bovidae,Gazella,cuvieri,,Y,0,0,0,,,,
Gazella_dorcas,Cetartiodactyla,Bovidae,Gazella,dorcas,,Y,0,0,0,,,,
Gazella_gazella,Cetartiodactyla,Bovidae,Gazella,gazella,,Y,0,0,0,,,,
Gazella_leptoceros,Cetartiodactyla,Bovidae,Gazella,leptoceros,,,,,,,,,
Gazella_marica,Cetartiodactyla,Bovidae,Gazella,marica,,,,,,,,,
Gazella_saudiya,Cetartiodactyla,Bovidae,Gazella,saudiya,,,,,,,,,
Gazella_spekei,Cetartiodactyla,Bovidae,Gazella,spekei,,,,,,,,,
Gazella_subgutturosa,Cetartiodactyla,Bovidae,Gazella,subgutturosa,,Y,0,0,0,,,,
Gazella_tingitana,Cetartiodactyla,Bovidae,Gazella,tingitana,,,,,,,,,
Hemitragus_cedrensis,Cetartiodactyla,Bovidae,Hemitragus,cedrensis,,,,,,,,,
Hemitragus_jemlahicus,Cetartiodactyla,Bovidae,Hemitragus,jemlahicus,,Y,0,0,1,,,,
Hippotragus_equinus,Cetartiodactyla,Bovidae,Hippotragus,equinus,,Y,1,0,1,,,,
Hippotragus_leucophaeus,Cetartiodactyla,Bovidae,Hippotragus,leucophaeus,,,,,,,,,
Hippotragus_niger,Cetartiodactyla,Bovidae,Hippotragus,niger,,Y,0,0,0,,,,
Kobus_ellipsiprymnus,Cetartiodactyla,Bovidae,Kobus,ellipsiprymnus,,Y,1,0,1,,,,
Kobus_kob,Cetartiodactyla,Bovidae,Kobus,kob,,Y,1,0,1,,,,
Kobus_leche,Cetartiodactyla,Bovidae,Kobus,leche,,Y,1,0,1,,,,
Kobus_megaceros,Cetartiodactyla,Bovidae,Kobus,megaceros,,Y,0,0,0,,,,
Kobus_vardonii,Cetartiodactyla,Bovidae,Kobus,vardonii,,Y,1,0,1,,,,
Litocranius_walleri,Cetartiodactyla,Bovidae,Litocranius,walleri,,Y,0,0,0,,,,
Madoqua_guentheri,Cetartiodactyla,Bovidae,Madoqua,guentheri,,Y,0,0,0,,,,
Madoqua_kirkii,Cetartiodactyla,Bovidae,Madoqua,kirkii,,Y,0,0,0,,,,
Madoqua_piacentinii,Cetartiodactyla,Bovidae,Madoqua,piacentinii,,,,,,,,,
Madoqua_saltiana,Cetartiodactyla,Bovidae,Madoqua,saltiana,,,,,,,,,
Megalotragus_priscus,Cetartiodactyla,Bovidae,Megalotragus,priscus,,,,,,,,,
Megalovis_guangxiensis,Cetartiodactyla,Bovidae,Megalovis,guangxiensis,,,,,,,,,
Myotragus_balearicus,Cetartiodactyla,Bovidae,Myotragus,balearicus,,,,,,,,,
Naemorhedus_baileyi,Cetartiodactyla,Bovidae,Naemorhedus,baileyi,,Y,0,0,0,,,,
Naemorhedus_caudatus,Cetartiodactyla,Bovidae,Naemorhedus,caudatus,,,,,,,,,
Naemorhedus_goral,Cetartiodactyla,Bovidae,Naemorhedus,goral,,Y,0,0,0,,,,
Naemorhedus_griseus,Cetartiodactyla,Bovidae,Naemorhedus,griseus,,,,,,,,,
Nanger_dama,Cetartiodactyla,Bovidae,Nanger,dama,,Y,0,0,0,,,,
Nanger_granti,Cetartiodactyla,Bovidae,Nanger,granti,,Y,1,1,1,,,,
Nanger_soemmerringii,Cetartiodactyla,Bovidae,Nanger,soemmerringii,,Y,0,0,0,,,,
Neotragus_batesi,Cetartiodactyla,Bovidae,Neotragus,batesi,,Y,0,0,0,,,,
Neotragus_pygmaeus,Cetartiodactyla,Bovidae,Neotragus,pygmaeus,,,,,,,,,
Nesotragus_moschatus,Cetartiodactyla,Bovidae,Nesotragus,moschatus,,Y,0,0,0,,,,
Nilgiritragus_hylocrius,Cetartiodactyla,Bovidae,Nilgiritragus,hylocrius,,Y,0,0,0,,,,
Oreamnos_americanus,Cetartiodactyla,Bovidae,Oreamnos,americanus,,Y,0,0,0,,,,
Oreamnos_harringtoni,Cetartiodactyla,Bovidae,Oreamnos,harringtoni,,,,,,,,,
Oreotragus_oreotragus,Cetartiodactyla,Bovidae,Oreotragus,oreotragus,,Y,0,0,0,,,,
Oryx_beisa,Cetartiodactyla,Bovidae,Oryx,beisa,,Y,0,0,0,,,,
Oryx_dammah,Cetartiodactyla,Bovidae,Oryx,dammah,,Y,0,0,0,,,,
Oryx_gazella,Cetartiodactyla,Bovidae,Oryx,gazella,,Y,0,0,0,,,,
Oryx_leucoryx,Cetartiodactyla,Bovidae,Oryx,leucoryx,,Y,0,0,0,,,,
Ourebia_ourebi,Cetartiodactyla,Bovidae,Ourebia,ourebi,,Y,0,0,0,,,,
Ovibos_moschatus,Cetartiodactyla,Bovidae,Ovibos,moschatus,,Y,1,1,1,,,,
Ovis_ammon,Cetartiodactyla,Bovidae,Ovis,ammon,,Y,0,1,1,,,,
Ovis_canadensis,Cetartiodactyla,Bovidae,Ovis,canadensis,,Y,1,1,1,,,,
Ovis_dalli,Cetartiodactyla,Bovidae,Ovis,dalli,,Y,1,1,1,,,,
Ovis_nivicola,Cetartiodactyla,Bovidae,Ovis,nivicola,,,,,,,,,
Ovis_orientalis,Cetartiodactyla,Bovidae,Ovis,orientalis,,Y,1,1,1,,,,
Pantholops_hodgsonii,Cetartiodactyla,Bovidae,Pantholops,hodgsonii,,Y,0,0,0,,,,
Pelea_capreolus,Cetartiodactyla,Bovidae,Pelea,capreolus,,Y,0,0,0,,,,
Pelorovis_antiquus,Cetartiodactyla,Bovidae,Pelorovis,antiquus,,,,,,,,,
Philantomba_maxwellii,Cetartiodactyla,Bovidae,Philantomba,maxwellii,,Y,0,0,0,,,,
Philantomba_monticola,Cetartiodactyla,Bovidae,Philantomba,monticola,,Y,0,0,0,,,,
Philantomba_walteri,Cetartiodactyla,Bovidae,Philantomba,walteri,,,,,,,,,
Procapra_gutturosa,Cetartiodactyla,Bovidae,Procapra,gutturosa,,Y,0,0,0,,,,
Procapra_picticaudata,Cetartiodactyla,Bovidae,Procapra,picticaudata,,,,,,,,,
Procapra_przewalskii,Cetartiodactyla,Bovidae,Procapra,przewalskii,,,,,,,,,
Pseudois_nayaur,Cetartiodactyla,Bovidae,Pseudois,nayaur,,Y,0,1,1,,,,
Pseudoryx_nghetinhensis,Cetartiodactyla,Bovidae,Pseudoryx,nghetinhensis,,,,,,,,,
Raphicerus_campestris,Cetartiodactyla,Bovidae,Raphicerus,campestris,,Y,0,0,0,,,,
Raphicerus_melanotis,Cetartiodactyla,Bovidae,Raphicerus,melanotis,,Y,0,0,0,,,,
Raphicerus_sharpei,Cetartiodactyla,Bovidae,Raphicerus,sharpei,,Y,0,0,0,,,,
Redunca_arundinum,Cetartiodactyla,Bovidae,Redunca,arundinum,,Y,0,0,0,,,,
Redunca_fulvorufula,Cetartiodactyla,Bovidae,Redunca,fulvorufula,,Y,0,0,0,,,,
Redunca_redunca,Cetartiodactyla,Bovidae,Redunca,redunca,,Y,0,0,0,,,,
Rupicapra_pyrenaica,Cetartiodactyla,Bovidae,Rupicapra,pyrenaica,,Y,0,1,1,,,,
Rupicapra_rupicapra,Cetartiodactyla,Bovidae,Rupicapra,rupicapra,,Y,0,0,0,,,,
Rusingoryx_atopocranion,Cetartiodactyla,Bovidae,Rusingoryx,atopocranion,,,,,,,,,
Saiga_tatarica,Cetartiodactyla,Bovidae,Saiga,tatarica,,Y,0,0,0,,,,
Sivacobus_sankaliai,Cetartiodactyla,Bovidae,Sivacobus,sankaliai,,,,,,,,,
Soergelia_minor,Cetartiodactyla,Bovidae,Soergelia,minor,,,,,,,,,
Spirocerus_kiakhtensis,Cetartiodactyla,Bovidae,Spirocerus,kiakhtensis,,,,,,,,,
Sylvicapra_grimmia,Cetartiodactyla,Bovidae,Sylvicapra,grimmia,,Y,0,0,0,,,,
Syncerus_caffer,Cetartiodactyla,Bovidae,Syncerus,caffer,,Y,1,1,1,,,,
Tetracerus_quadricornis,Cetartiodactyla,Bovidae,Tetracerus,quadricornis,,Y,0,0,0,,,,
Tragelaphus_angasii,Cetartiodactyla,Bovidae,Tragelaphus,angasii,,Y,0,0,0,,,,
Tragelaphus_buxtoni,Cetartiodactyla,Bovidae,Tragelaphus,buxtoni,,Y,0,0,0,,,,
Tragelaphus_derbianus,Cetartiodactyla,Bovidae,Tragelaphus,derbianus,,Y,0,0,0,,,,
Tragelaphus_eurycerus,Cetartiodactyla,Bovidae,Tragelaphus,eurycerus,,Y,0,0,0,,,,
Tragelaphus_imberbis,Cetartiodactyla,Bovidae,Tragelaphus,imberbis,,Y,0,0,0,,,,
Tragelaphus_oryx,Cetartiodactyla,Bovidae,Tragelaphus,oryx,,Y,0,0,0,,,,
Tragelaphus_scriptus,Cetartiodactyla,Bovidae,Tragelaphus,scriptus,,Y,0,0,0,,,,
Tragelaphus_spekii,Cetartiodactyla,Bovidae,Tragelaphus,spekii,,Y,0,0,0,,,,
Tragelaphus_strepsiceros,Cetartiodactyla,Bovidae,Tragelaphus,strepsiceros,,Y,0,0,0,,,,
Agalmaceros_blicki,Cetartiodactyla,Cervidae,Agalmaceros,blicki,,,,,,,,,
Alces_alces,Cetartiodactyla,Cervidae,Alces,alces,,Y,1,1,1,,,,
Antifer_ultra,Cetartiodactyla,Cervidae,Antifer,ultra,,,,,,,,,
Axis_axis,Cetartiodactyla,Cervidae,Axis,axis,,Y,0,1,1,,,,
Axis_calamianensis,Cetartiodactyla,Cervidae,Axis,calamianensis,,,,,,,,,
Axis_kuhlii,Cetartiodactyla,Cervidae,Axis,kuhlii,,Y,0,0,0,,,,
Axis_porcinus,Cetartiodactyla,Cervidae,Axis,porcinus,,Y,0,0,0,,,,
Blastocerus_dichotomus,Cetartiodactyla,Cervidae,Blastocerus,dichotomus,,Y,0,0,0,,,,
Candiacervus_cretensis,Cetartiodactyla,Cervidae,Candiacervus,cretensis,,,,,,,,,
Candiacervus_dorothensis,Cetartiodactyla,Cervidae,Candiacervus,dorothensis,,,,,,,,,
Candiacervus_major,Cetartiodactyla,Cervidae,Candiacervus,major,,,,,,,,,
Candiacervus_rethymnensis,Cetartiodactyla,Cervidae,Candiacervus,rethymnensis,,,,,,,,,
Candiacervus_ropalophorus,Cetartiodactyla,Cervidae,Candiacervus,ropalophorus,,,,,,,,,
Candiacervus_spII,Cetartiodactyla,Cervidae,Candiacervus,spII,,,,,,,,,
Capreolus_capreolus,Cetartiodactyla,Cervidae,Capreolus,capreolus,,Y,0,1,1,,,,
Capreolus_miyakoensis,Cetartiodactyla,Cervidae,Capreolus,miyakoensis,,,,,,,,,
Capreolus_pygargus,Cetartiodactyla,Cervidae,Capreolus,pygargus,,Y,0,0,0,,,,
Cervalces_scotti,Cetartiodactyla,Cervidae,Cervalces,scotti,,,,,,,,,
Cervus_albirostris,Cetartiodactyla,Cervidae,Cervus,albirostris,,Y,0,0,0,,,,
Cervus_astylodon,Cetartiodactyla,Cervidae,Cervus,astylodon,,Y,1,1,1,,,,
Cervus_canadensis,Cetartiodactyla,Cervidae,Cervus,canadensis,,Y,0,0,0,,,,
Cervus_elaphus,Cetartiodactyla,Cervidae,Cervus,elaphus,,Y,1,1,1,,,,
Cervus_nippon,Cetartiodactyla,Cervidae,Cervus,nippon,,Y,0,1,1,,,,
Dama_dama,Cetartiodactyla,Cervidae,Dama,dama,,Y,1,0,1,,,,
Dama_mesopotamica,Cetartiodactyla,Cervidae,Dama,mesopotamica,,Y,0,0,0,,,,
Dicroceros_spA,Cetartiodactyla,Cervidae,Dicroceros,spA,,,,,,,,,
Elaphodus_cephalophus,Cetartiodactyla,Cervidae,Elaphodus,cephalophus,,,,,,,,,
Elaphurus_davidianus,Cetartiodactyla,Cervidae,Elaphurus,davidianus,,Y,0,1,1,,,,
Haploidoceros_mediterraneus,Cetartiodactyla,Cervidae,Haploidoceros,mediterraneus,,,,,,,,,
Hippocamelus_antisensis,Cetartiodactyla,Cervidae,Hippocamelus,antisensis,,Y,0,0,0,,,,
Hippocamelus_bisulcus,Cetartiodactyla,Cervidae,Hippocamelus,bisulcus,,Y,0,0,0,,,,
Hydropotes_inermis,Cetartiodactyla,Cervidae,Hydropotes,inermis,,Y,0,0,0,,,,
Mazama_americana,Cetartiodactyla,Cervidae,Mazama,americana,,Y,0,0,0,,,,
Mazama_bororo,Cetartiodactyla,Cervidae,Mazama,bororo,,,,,,,,,
Mazama_bricenii,Cetartiodactyla,Cervidae,Mazama,bricenii,,,,,,,,,
Mazama_chunyi,Cetartiodactyla,Cervidae,Mazama,chunyi,,,,,,,,,
Mazama_gouazoubira,Cetartiodactyla,Cervidae,Mazama,gouazoubira,,Y,0,0,0,,,,
Mazama_nana,Cetartiodactyla,Cervidae,Mazama,nana,,,,,,,,,
Mazama_nemorivaga,Cetartiodactyla,Cervidae,Mazama,nemorivaga,,,,,,,,,
Mazama_pandora,Cetartiodactyla,Cervidae,Mazama,pandora,,Y,0,0,0,,,,
Mazama_rufina,Cetartiodactyla,Cervidae,Mazama,rufina,,,,,,,,,
Mazama_temama,Cetartiodactyla,Cervidae,Mazama,temama,,,,,,,,,
Megaceroides_algericus,Cetartiodactyla,Cervidae,Megaceroides,algericus,,,,,,,,,
Megaloceros_giganteus,Cetartiodactyla,Cervidae,Megaloceros,giganteus,,,,,,,,,
Morenelaphus_brachyceros,Cetartiodactyla,Cervidae,Morenelaphus,brachyceros,,,,,,,,,
Morenelaphus_lujanensis,Cetartiodactyla,Cervidae,Morenelaphus,lujanensis,,,,,,,,,
Muntiacus_atherodes,Cetartiodactyla,Cervidae,Muntiacus,atherodes,,,,,,,,,
Muntiacus_crinifrons,Cetartiodactyla,Cervidae,Muntiacus,crinifrons,,,,,,,,,
Muntiacus_feae,Cetartiodactyla,Cervidae,Muntiacus,feae,,,,,,,,,
Muntiacus_gongshanensis,Cetartiodactyla,Cervidae,Muntiacus,gongshanensis,,,,,,,,,
Muntiacus_montanus,Cetartiodactyla,Cervidae,Muntiacus,montanus,,,,,,,,,
Muntiacus_muntjak,Cetartiodactyla,Cervidae,Muntiacus,muntjak,,Y,1,1,1,,,,
Muntiacus_putaoensis,Cetartiodactyla,Cervidae,Muntiacus,putaoensis,,,,,,,,,
Muntiacus_reevesi,Cetartiodactyla,Cervidae,Muntiacus,reevesi,,Y,0,1,1,,,,
Muntiacus_rooseveltorum,Cetartiodactyla,Cervidae,Muntiacus,rooseveltorum,,,,,,,,,
Muntiacus_truongsonensis,Cetartiodactyla,Cervidae,Muntiacus,truongsonensis,,,,,,,,,
Muntiacus_vaginalis,Cetartiodactyla,Cervidae,Muntiacus,vaginalis,,,,,,,,,
Muntiacus_vuquangensis,Cetartiodactyla,Cervidae,Muntiacus,vuquangensis,,,,,,,,,
Navahoceros_fricki,Cetartiodactyla,Cervidae,Navahoceros,fricki,,,,,,,,,
Odocoileus_hemionus,Cetartiodactyla,Cervidae,Odocoileus,hemionus,,Y,1,1,1,,,,
Odocoileus_virginianus,Cetartiodactyla,Cervidae,Odocoileus,virginianus,,Y,1,1,1,,,,
Ozotoceros_bezoarticus,Cetartiodactyla,Cervidae,Ozotoceros,bezoarticus,,Y,0,1,1,,,,
Paraceros_fragilis,Cetartiodactyla,Cervidae,Paraceros,fragilis,,,,,,,,,
Praemegaceros_cazioti,Cetartiodactyla,Cervidae,Praemegaceros,cazioti,,,,,,,,,
Pudu_mephistophiles,Cetartiodactyla,Cervidae,Pudu,mephistophiles,,,,,,,,,
Pudu_puda,Cetartiodactyla,Cervidae,Pudu,puda,,Y,0,1,1,,,,
Rangifer_tarandus,Cetartiodactyla,Cervidae,Rangifer,tarandus,,Y,1,1,1,,,,
Rucervus_duvaucelii,Cetartiodactyla,Cervidae,Rucervus,duvaucelii,,Y,1,1,1,,,,
Rucervus_eldii,Cetartiodactyla,Cervidae,Rucervus,eldii,,Y,0,0,0,,,,
Rucervus_schomburgki,Cetartiodactyla,Cervidae,Rucervus,schomburgki,,,,,,,,,
Rusa_alfredi,Cetartiodactyla,Cervidae,Rusa,alfredi,,,,,,,,,
Rusa_marianna,Cetartiodactyla,Cervidae,Rusa,marianna,,,,,,,,,
Rusa_timorensis,Cetartiodactyla,Cervidae,Rusa,timorensis,,Y,0,0,0,,,,
Rusa_unicolor,Cetartiodactyla,Cervidae,Rusa,unicolor,,Y,0,0,0,,,,
Sangamona_fugitiva,Cetartiodactyla,Cervidae,Sangamona,fugitiva,,,,,,,,,
Sinomegaceros_ordosianus,Cetartiodactyla,Cervidae,Sinomegaceros,ordosianus,,,,,,,,,
Sinomegaceros_yabei,Cetartiodactyla,Cervidae,Sinomegaceros,yabei,,,,,,,,,
Giraffa_camelopardalis,Cetartiodactyla,Giraffidae,Giraffa,camelopardalis,,Y,1,1,1,,,,
Okapia_johnstoni,Cetartiodactyla,Giraffidae,Okapia,johnstoni,,Y,0,0,0,,,,
Moschus_anhuiensis,Cetartiodactyla,Moschidae,Moschus,anhuiensis,,,,,,,,,
Moschus_berezovskii,Cetartiodactyla,Moschidae,Moschus,berezovskii,,,,,,,,,
Moschus_chrysogaster,Cetartiodactyla,Moschidae,Moschus,chrysogaster,,Y,0,0,0,,,,
Moschus_cupreus,Cetartiodactyla,Moschidae,Moschus,cupreus,,Y,0,0,0,,,,
Moschus_fuscus,Cetartiodactyla,Moschidae,Moschus,fuscus,,Y,0,0,0,,,,
Moschus_leucogaster,Cetartiodactyla,Moschidae,Moschus,leucogaster,,,,,,,,,
Moschus_moschiferus,Cetartiodactyla,Moschidae,Moschus,moschiferus,,Y,0,0,0,,,,
Hyemoschus_aquaticus,Cetartiodactyla,Tragulidae,Hyemoschus,aquaticus,,Y,0,0,0,,,,
Moschiola_indica,Cetartiodactyla,Tragulidae,Moschiola,indica,,,,,,,,,
Moschiola_kathygre,Cetartiodactyla,Tragulidae,Moschiola,kathygre,,,,,,,,,
Moschiola_meminna,Cetartiodactyla,Tragulidae,Moschiola,meminna,,Y,0,0,0,,,,
Tragulus_javanicus,Cetartiodactyla,Tragulidae,Tragulus,javanicus,,Y,0,0,0,,,,
Tragulus_kanchil,Cetartiodactyla,Tragulidae,Tragulus,kanchil,,,,,,,,,
Tragulus_napu,Cetartiodactyla,Tragulidae,Tragulus,napu,,Y,0,0,0,,,,
Tragulus_nigricans,Cetartiodactyla,Tragulidae,Tragulus,nigricans,,Y,0,0,0,,,,
Tragulus_versicolor,Cetartiodactyla,Tragulidae,Tragulus,versicolor,,,,,,,,,
Tragulus_williamsoni,Cetartiodactyla,Tragulidae,Tragulus,williamsoni,,,,,,,,,
Babyrousa_babyrussa,Cetartiodactyla,Suidae,Babyrousa,babyrussa,,Y,0,0,0,,,,
Babyrousa_celebensis,Cetartiodactyla,Suidae,Babyrousa,celebensis,,,,,,,,,
Babyrousa_togeanensis,Cetartiodactyla,Suidae,Babyrousa,togeanensis,,,,,,,,,
Hylochoerus_meinertzhageni,Cetartiodactyla,Suidae,Hylochoerus,meinertzhageni,,Y,0,0,0,,,,
Kolpochoerus_majus,Cetartiodactyla,Suidae,Kolpochoerus,majus,,,,,,,,,
Metridiochoerus_compactus,Cetartiodactyla,Suidae,Metridiochoerus,compactus,,,,,,,,,
Phacochoerus_aethiopicus,Cetartiodactyla,Suidae,Phacochoerus,aethiopicus,,Y,1,1,1,,,,
Phacochoerus_africanus,Cetartiodactyla,Suidae,Phacochoerus,africanus,,Y,0,0,0,,,,
Porcula_salvania,Cetartiodactyla,Suidae,Porcula,salvania,,,,,,,,,
Potamochoerus_larvatus,Cetartiodactyla,Suidae,Potamochoerus,larvatus,,Y,0,0,0,,,,
Potamochoerus_porcus,Cetartiodactyla,Suidae,Potamochoerus,porcus,,Y,0,0,0,,,,
Sus_ahoenobarbus,Cetartiodactyla,Suidae,Sus,ahoenobarbus,,,,,,,,,
Sus_barbatus,Cetartiodactyla,Suidae,Sus,barbatus,,Y,0,0,0,,,,
Sus_brachgnathus,Cetartiodactyla,Suidae,Sus,brachgnathus,,,,,,,,,
Sus_bucculentus,Cetartiodactyla,Suidae,Sus,bucculentus,,,,,,,,,
Sus_cebifrons,Cetartiodactyla,Suidae,Sus,cebifrons,,,,,,,,,
Sus_celebensis,Cetartiodactyla,Suidae,Sus,celebensis,,Y,0,0,0,,,,
Sus_oliveri,Cetartiodactyla,Suidae,Sus,oliveri,,,,,,,,,
Sus_philippensis,Cetartiodactyla,Suidae,Sus,philippensis,,,,,,,,,
Sus_scrofa,Cetartiodactyla,Suidae,Sus,scrofa,,Y,0,0,0,,,,
Sus_verrucosus,Cetartiodactyla,Suidae,Sus,verrucosus,,,,,,,,,
Catagonus_stenocephalus,Cetartiodactyla,Tayassuidae,Catagonus,stenocephalus,,,,,,,,,
Catagonus_wagneri,Cetartiodactyla,Tayassuidae,Catagonus,wagneri,,Y,0,0,0,,,,
Muknalia_minima,Cetartiodactyla,Tayassuidae,Muknalia,minima,,,,,,,,,
Mylohyus_nasutus,Cetartiodactyla,Tayassuidae,Mylohyus,nasutus,,,,,,,,,
Pecari_tajacu,Cetartiodactyla,Tayassuidae,Pecari,tajacu,,Y,1,1,1,,,,
Platygonus_compressus,Cetartiodactyla,Tayassuidae,Platygonus,compressus,,,,,,,,,
Tayassu_pecari,Cetartiodactyla,Tayassuidae,Tayassu,pecari,,Y,1,1,1,,,,
Camelops_hesternus,Cetartiodactyla,Camelidae,Camelops,hesternus,,,,,,,,,
Camelus_dromedarius,Cetartiodactyla,Camelidae,Camelus,dromedarius,,Y,1,0,1,,,,
Camelus_ferus,Cetartiodactyla,Camelidae,Camelus,ferus,,Y,0,0,0,,,,
Hemiauchenia_macrocephala,Cetartiodactyla,Camelidae,Hemiauchenia,macrocephala,,,,,,,,,
Hemiauchenia_paradoxa,Cetartiodactyla,Camelidae,Hemiauchenia,paradoxa,,,,,,,,,
Lama_guanicoe,Cetartiodactyla,Camelidae,Lama,guanicoe,,Y,0,0,0,,,,
Palaeolama_major,Cetartiodactyla,Camelidae,Palaeolama,major,,,,,,,,,
Palaeolama_mirifica,Cetartiodactyla,Camelidae,Palaeolama,mirifica,,,,,,,,,
Palaeolama_weddeli,Cetartiodactyla,Camelidae,Palaeolama,weddeli,,,,,,,,,
Vicugna_vicugna,Cetartiodactyla,Camelidae,Vicugna,vicugna,,Y,1,0,1,,,,
Choeropsis_liberiensis,Cetartiodactyla,Hippopotamidae,Choeropsis,liberiensis,,Y,0,0,0,,,,
Hexaprotodon_sivalensis,Cetartiodactyla,Hippopotamidae,Hexaprotodon,sivalensis,,,,,,,,,
Hippopotamus_amphibius,Cetartiodactyla,Hippopotamidae,Hippopotamus,amphibius,,Y,0,0,0,,,,
Hippopotamus_lemerlei,Cetartiodactyla,Hippopotamidae,Hippopotamus,lemerlei,,,,,,,,,
Hippopotamus_madagascariensis,Cetartiodactyla,Hippopotamidae,Hippopotamus,madagascariensis,,,,,,,,,
Phanourios_minutes,Cetartiodactyla,Hippopotamidae,Phanourios,minutes,,,,,,,,,