Binomial.1.2,Order.1.2,Family.1.2,Genus.1.2,Species.1.2,,1700 Matched Species,FSSB,MSSB,SSB,,Total Species,SSB Data Present,Percent Covered
Ctenodactylus_gundi,Rodentia,Ctenodactylidae,Ctenodactylus,gundi,,,,,,,299,70,23.41137124
Ctenodactylus_vali,Rodentia,Ctenodactylidae,Ctenodactylus,vali,,,,,,,,,
Felovia_vae,Rodentia,Ctenodactylidae,Felovia,vae,,,,,,,,,
Massoutiera_mzabi,Rodentia,Ctenodactylidae,Massoutiera,mzabi,,,,,,,,,
Pectinator_spekei,Rodentia,Ctenodactylidae,Pectinator,spekei,,,,,,,,,
Laonastes_aenigmamus,Rodentia,Diatomyidae,Laonastes,aenigmamus,,,,,,,,,
Cavia_aperea,Rodentia,Caviidae,Cavia,aperea,,Y,1,1,1,,,,
Cavia_fulgida,Rodentia,Caviidae,Cavia,fulgida,,,,,,,,,
Cavia_intermedia,Rodentia,Caviidae,Cavia,intermedia,,Y,1,1,1,,,,
Cavia_magna,Rodentia,Caviidae,Cavia,magna,,Y,0,0,0,,,,
Cavia_patzelti,Rodentia,Caviidae,Cavia,patzelti,,,,,,,,,
Cavia_tschudii,Rodentia,Caviidae,Cavia,tschudii,,,,,,,,,
Dolichotis_patagonum,Rodentia,Caviidae,Dolichotis,patagonum,,Y,0,0,0,,,,
Dolichotis_salinicola,Rodentia,Caviidae,Dolichotis,salinicola,,,,,,,,,
Galea_comes,Rodentia,Caviidae,Galea,comes,,,,,,,,,
Galea_flavidens,Rodentia,Caviidae,Galea,flavidens,,,,,,,,,
Galea_leucoblephara,Rodentia,Caviidae,Galea,leucoblephara,,Y,0,0,0,,,,
Galea_musteloides,Rodentia,Caviidae,Galea,musteloides,,Y,1,1,1,,,,
Galea_spixii,Rodentia,Caviidae,Galea,spixii,,Y,0,1,1,,,,
Hydrochoerus_hydrochaeris,Rodentia,Caviidae,Hydrochoerus,hydrochaeris,,Y,0,0,0,,,,
Hydrochoerus_isthmius,Rodentia,Caviidae,Hydrochoerus,isthmius,,,,,,,,,
Kerodon_acrobata,Rodentia,Caviidae,Kerodon,acrobata,,,,,,,,,
Kerodon_rupestris,Rodentia,Caviidae,Kerodon,rupestris,,Y,0,1,1,,,,
Microcavia_australis,Rodentia,Caviidae,Microcavia,australis,,Y,1,1,1,,,,
Microcavia_niata,Rodentia,Caviidae,Microcavia,niata,,,,,,,,,
Microcavia_shiptoni,Rodentia,Caviidae,Microcavia,shiptoni,,,,,,,,,
Neochoerus_aesopi,Rodentia,Caviidae,Neochoerus,aesopi,,,,,,,,,
Cuniculus_paca,Rodentia,Cuniculidae,Cuniculus,paca,,Y,0,0,0,,,,
Cuniculus_taczanowskii,Rodentia,Cuniculidae,Cuniculus,taczanowskii,,,,,,,,,
Dasyprocta_azarae,Rodentia,Dasyproctidae,Dasyprocta,azarae,,Y,0,0,0,,,,
Dasyprocta_coibae,Rodentia,Dasyproctidae,Dasyprocta,coibae,,,,,,,,,
Dasyprocta_croconota,Rodentia,Dasyproctidae,Dasyprocta,croconota,,,,,,,,,
Dasyprocta_fuliginosa,Rodentia,Dasyproctidae,Dasyprocta,fuliginosa,,Y,0,0,0,,,,
Dasyprocta_guamara,Rodentia,Dasyproctidae,Dasyprocta,guamara,,,,,,,,,
Dasyprocta_iacki,Rodentia,Dasyproctidae,Dasyprocta,iacki,,,,,,,,,
Dasyprocta_kalinowskii,Rodentia,Dasyproctidae,Dasyprocta,kalinowskii,,,,,,,,,
Dasyprocta_leporina,Rodentia,Dasyproctidae,Dasyprocta,leporina,,Y,0,0,0,,,,
Dasyprocta_mexicana,Rodentia,Dasyproctidae,Dasyprocta,mexicana,,Y,0,0,0,,,,
Dasyprocta_prymnolopha,Rodentia,Dasyproctidae,Dasyprocta,prymnolopha,,,,,,,,,
Dasyprocta_punctata,Rodentia,Dasyproctidae,Dasyprocta,punctata,,Y,0,0,0,,,,
Dasyprocta_ruatanica,Rodentia,Dasyproctidae,Dasyprocta,ruatanica,,,,,,,,,
Dasyprocta_variegata,Rodentia,Dasyproctidae,Dasyprocta,variegata,,,,,,,,,
Myoprocta_acouchy,Rodentia,Dasyproctidae,Myoprocta,acouchy,,Y,0,0,0,,,,
Myoprocta_pratti,Rodentia,Dasyproctidae,Myoprocta,pratti,,Y,0,0,0,,,,
Chinchilla_chinchilla,Rodentia,Chinchillidae,Chinchilla,chinchilla,,,,,,,,,
Chinchilla_lanigera,Rodentia,Chinchillidae,Chinchilla,lanigera,,Y,0,0,0,,,,
Lagidium_ahuacaense,Rodentia,Chinchillidae,Lagidium,ahuacaense,,,,,,,,,
Lagidium_viscacia,Rodentia,Chinchillidae,Lagidium,viscacia,,Y,0,0,0,,,,
Lagidium_wolffsohni,Rodentia,Chinchillidae,Lagidium,wolffsohni,,,,,,,,,
Lagostomus_crassus,Rodentia,Chinchillidae,Lagostomus,crassus,,,,,,,,,
Lagostomus_maximus,Rodentia,Chinchillidae,Lagostomus,maximus,,Y,0,0,0,,,,
Dinomys_branickii,Rodentia,Dinomyidae,Dinomys,branickii,,,,,,,,,
Chaetomys_subspinosus,Rodentia,Erethizontidae,Chaetomys,subspinosus,,,,,,,,,
Coendou_baturitensis,Rodentia,Erethizontidae,Coendou,baturitensis,,,,,,,,,
Coendou_bicolor,Rodentia,Erethizontidae,Coendou,bicolor,,Y,0,0,0,,,,
Coendou_ichillus,Rodentia,Erethizontidae,Coendou,ichillus,,,,,,,,,
Coendou_insidiosus,Rodentia,Erethizontidae,Coendou,insidiosus,,Y,0,0,0,,,,
Coendou_melanurus,Rodentia,Erethizontidae,Coendou,melanurus,,,,,,,,,
Coendou_mexicanus,Rodentia,Erethizontidae,Coendou,mexicanus,,,,,,,,,
Coendou_nycthemera,Rodentia,Erethizontidae,Coendou,nycthemera,,Y,0,0,0,,,,
Coendou_prehensilis,Rodentia,Erethizontidae,Coendou,prehensilis,,Y,0,0,0,,,,
Coendou_pruinosus,Rodentia,Erethizontidae,Coendou,pruinosus,,,,,,,,,
Coendou_quichua,Rodentia,Erethizontidae,Coendou,quichua,,,,,,,,,
Coendou_roosmalenorum,Rodentia,Erethizontidae,Coendou,roosmalenorum,,,,,,,,,
Coendou_rufescens,Rodentia,Erethizontidae,Coendou,rufescens,,Y,0,0,0,,,,
Coendou_spinosus,Rodentia,Erethizontidae,Coendou,spinosus,,,,,,,,,
Coendou_vestitus,Rodentia,Erethizontidae,Coendou,vestitus,,,,,,,,,
Erethizon_dorsatum,Rodentia,Erethizontidae,Erethizon,dorsatum,,Y,1,1,1,,,,
Bathyergus_janetta,Rodentia,Bathyergidae,Bathyergus,janetta,,,,,,,,,
Bathyergus_suillus,Rodentia,Bathyergidae,Bathyergus,suillus,,Y,0,0,0,,,,
Cryptomys_hottentotus,Rodentia,Bathyergidae,Cryptomys,hottentotus,,Y,0,1,1,,,,
Fukomys_anselli,Rodentia,Bathyergidae,Fukomys,anselli,,,,,,,,,
Fukomys_bocagei,Rodentia,Bathyergidae,Fukomys,bocagei,,,,,,,,,
Fukomys_damarensis,Rodentia,Bathyergidae,Fukomys,damarensis,,Y,0,0,0,,,,
Fukomys_darlingi,Rodentia,Bathyergidae,Fukomys,darlingi,,,,,,,,,
Fukomys_foxi,Rodentia,Bathyergidae,Fukomys,foxi,,,,,,,,,
Fukomys_kafuensis,Rodentia,Bathyergidae,Fukomys,kafuensis,,,,,,,,,
Fukomys_mechowi,Rodentia,Bathyergidae,Fukomys,mechowi,,,,,,,,,
Fukomys_ochraceocinereus,Rodentia,Bathyergidae,Fukomys,ochraceocinereus,,,,,,,,,
Fukomys_zechi,Rodentia,Bathyergidae,Fukomys,zechi,,,,,,,,,
Georychus_capensis,Rodentia,Bathyergidae,Georychus,capensis,,Y,0,0,0,,,,
Heliophobius_argenteocinereus,Rodentia,Bathyergidae,Heliophobius,argenteocinereus,,Y,0,0,0,,,,
Heterocephalus_glaber,Rodentia,Bathyergidae,Heterocephalus,glaber,,Y,0,1,1,,,,
Atherurus_africanus,Rodentia,Hystricidae,Atherurus,africanus,,Y,0,0,0,,,,
Atherurus_macrourus,Rodentia,Hystricidae,Atherurus,macrourus,,,,,,,,,
Hystrix_africaeaustralis,Rodentia,Hystricidae,Hystrix,africaeaustralis,,Y,0,0,0,,,,
Hystrix_brachyura,Rodentia,Hystricidae,Hystrix,brachyura,,Y,0,0,0,,,,
Hystrix_crassispinis,Rodentia,Hystricidae,Hystrix,crassispinis,,,,,,,,,
Hystrix_cristata,Rodentia,Hystricidae,Hystrix,cristata,,Y,0,0,0,,,,
Hystrix_indica,Rodentia,Hystricidae,Hystrix,indica,,Y,0,0,0,,,,
Hystrix_javanica,Rodentia,Hystricidae,Hystrix,javanica,,,,,,,,,
Hystrix_kiangsenensis,Rodentia,Hystricidae,Hystrix,kiangsenensis,,,,,,,,,
Hystrix_pumila,Rodentia,Hystricidae,Hystrix,pumila,,Y,0,0,0,,,,
Hystrix_refossa,Rodentia,Hystricidae,Hystrix,refossa,,,,,,,,,
Hystrix_sumatrae,Rodentia,Hystricidae,Hystrix,sumatrae,,,,,,,,,
Trichys_fasciculata,Rodentia,Hystricidae,Trichys,fasciculata,,,,,,,,,
Petromus_typicus,Rodentia,Petromuridae,Petromus,typicus,,Y,0,0,0,,,,
Thryonomys_gregorianus,Rodentia,Thryonomyidae,Thryonomys,gregorianus,,Y,0,0,0,,,,
Thryonomys_swinderianus,Rodentia,Thryonomyidae,Thryonomys,swinderianus,,Y,0,0,0,,,,
Abrocoma_bennettii,Rodentia,Abrocomidae,Abrocoma,bennettii,,Y,0,0,0,,,,
Abrocoma_boliviensis,Rodentia,Abrocomidae,Abrocoma,boliviensis,,,,,,,,,
Abrocoma_budini,Rodentia,Abrocomidae,Abrocoma,budini,,,,,,,,,
Abrocoma_cinerea,Rodentia,Abrocomidae,Abrocoma,cinerea,,,,,,,,,
Abrocoma_famatina,Rodentia,Abrocomidae,Abrocoma,famatina,,,,,,,,,
Abrocoma_shistacea,Rodentia,Abrocomidae,Abrocoma,shistacea,,,,,,,,,
Abrocoma_uspallata,Rodentia,Abrocomidae,Abrocoma,uspallata,,,,,,,,,
Abrocoma_vaccarum,Rodentia,Abrocomidae,Abrocoma,vaccarum,,,,,,,,,
Cuscomys_ashaninka,Rodentia,Abrocomidae,Cuscomys,ashaninka,,,,,,,,,
Cuscomys_oblativa,Rodentia,Abrocomidae,Cuscomys,oblativa,,,,,,,,,
Ctenomys_argentinus,Rodentia,Ctenomyidae,Ctenomys,argentinus,,,,,,,,,
Ctenomys_australis,Rodentia,Ctenomyidae,Ctenomys,australis,,,,,,,,,
Ctenomys_azarae,Rodentia,Ctenomyidae,Ctenomys,azarae,,Y,0,0,0,,,,
Ctenomys_bergi,Rodentia,Ctenomyidae,Ctenomys,bergi,,,,,,,,,
Ctenomys_boliviensis,Rodentia,Ctenomyidae,Ctenomys,boliviensis,,,,,,,,,
Ctenomys_bonettoi,Rodentia,Ctenomyidae,Ctenomys,bonettoi,,,,,,,,,
Ctenomys_brasiliensis,Rodentia,Ctenomyidae,Ctenomys,brasiliensis,,,,,,,,,
Ctenomys_budini,Rodentia,Ctenomyidae,Ctenomys,budini,,,,,,,,,
Ctenomys_colburni,Rodentia,Ctenomyidae,Ctenomys,colburni,,,,,,,,,
Ctenomys_coludo,Rodentia,Ctenomyidae,Ctenomys,coludo,,,,,,,,,
Ctenomys_conoveri,Rodentia,Ctenomyidae,Ctenomys,conoveri,,,,,,,,,
Ctenomys_coyhaiquensis,Rodentia,Ctenomyidae,Ctenomys,coyhaiquensis,,,,,,,,,
Ctenomys_dorbignyi,Rodentia,Ctenomyidae,Ctenomys,dorbignyi,,,,,,,,,
Ctenomys_dorsalis,Rodentia,Ctenomyidae,Ctenomys,dorsalis,,,,,,,,,
Ctenomys_emilianus,Rodentia,Ctenomyidae,Ctenomys,emilianus,,,,,,,,,
Ctenomys_famosus,Rodentia,Ctenomyidae,Ctenomys,famosus,,,,,,,,,
Ctenomys_flamarioni,Rodentia,Ctenomyidae,Ctenomys,flamarioni,,,,,,,,,
Ctenomys_fochi,Rodentia,Ctenomyidae,Ctenomys,fochi,,,,,,,,,
Ctenomys_fodax,Rodentia,Ctenomyidae,Ctenomys,fodax,,,,,,,,,
Ctenomys_frater,Rodentia,Ctenomyidae,Ctenomys,frater,,,,,,,,,
Ctenomys_fulvus,Rodentia,Ctenomyidae,Ctenomys,fulvus,,,,,,,,,
Ctenomys_goodfellowi,Rodentia,Ctenomyidae,Ctenomys,goodfellowi,,,,,,,,,
Ctenomys_haigi,Rodentia,Ctenomyidae,Ctenomys,haigi,,Y,0,0,0,,,,
Ctenomys_johannis,Rodentia,Ctenomyidae,Ctenomys,johannis,,,,,,,,,
Ctenomys_juris,Rodentia,Ctenomyidae,Ctenomys,juris,,,,,,,,,
Ctenomys_knighti,Rodentia,Ctenomyidae,Ctenomys,knighti,,,,,,,,,
Ctenomys_lami,Rodentia,Ctenomyidae,Ctenomys,lami,,,,,,,,,
Ctenomys_latro,Rodentia,Ctenomyidae,Ctenomys,latro,,,,,,,,,
Ctenomys_leucodon,Rodentia,Ctenomyidae,Ctenomys,leucodon,,,,,,,,,
Ctenomys_lewisi,Rodentia,Ctenomyidae,Ctenomys,lewisi,,,,,,,,,
Ctenomys_magellanicus,Rodentia,Ctenomyidae,Ctenomys,magellanicus,,,,,,,,,
Ctenomys_maulinus,Rodentia,Ctenomyidae,Ctenomys,maulinus,,,,,,,,,
Ctenomys_mendocinus,Rodentia,Ctenomyidae,Ctenomys,mendocinus,,Y,0,0,0,,,,
Ctenomys_minutus,Rodentia,Ctenomyidae,Ctenomys,minutus,,,,,,,,,
Ctenomys_occultus,Rodentia,Ctenomyidae,Ctenomys,occultus,,,,,,,,,
Ctenomys_opimus,Rodentia,Ctenomyidae,Ctenomys,opimus,,Y,0,0,0,,,,
Ctenomys_osvaldoreigi,Rodentia,Ctenomyidae,Ctenomys,osvaldoreigi,,,,,,,,,
Ctenomys_pearsoni,Rodentia,Ctenomyidae,Ctenomys,pearsoni,,,,,,,,,
Ctenomys_perrensi,Rodentia,Ctenomyidae,Ctenomys,perrensi,,,,,,,,,
Ctenomys_peruanus,Rodentia,Ctenomyidae,Ctenomys,peruanus,,Y,0,0,0,,,,
Ctenomys_pilarensis,Rodentia,Ctenomyidae,Ctenomys,pilarensis,,,,,,,,,
Ctenomys_pontifex,Rodentia,Ctenomyidae,Ctenomys,pontifex,,,,,,,,,
Ctenomys_porteousi,Rodentia,Ctenomyidae,Ctenomys,porteousi,,,,,,,,,
Ctenomys_pundti,Rodentia,Ctenomyidae,Ctenomys,pundti,,,,,,,,,
Ctenomys_rionegrensis,Rodentia,Ctenomyidae,Ctenomys,rionegrensis,,,,,,,,,
Ctenomys_roigi,Rodentia,Ctenomyidae,Ctenomys,roigi,,,,,,,,,
Ctenomys_saltarius,Rodentia,Ctenomyidae,Ctenomys,saltarius,,,,,,,,,
Ctenomys_scagliai,Rodentia,Ctenomyidae,Ctenomys,scagliai,,,,,,,,,
Ctenomys_sericeus,Rodentia,Ctenomyidae,Ctenomys,sericeus,,,,,,,,,
Ctenomys_sociabilis,Rodentia,Ctenomyidae,Ctenomys,sociabilis,,Y,0,0,0,,,,
Ctenomys_steinbachi,Rodentia,Ctenomyidae,Ctenomys,steinbachi,,,,,,,,,
Ctenomys_sylvanus,Rodentia,Ctenomyidae,Ctenomys,sylvanus,,,,,,,,,
Ctenomys_talarum,Rodentia,Ctenomyidae,Ctenomys,talarum,,Y,0,0,0,,,,
Ctenomys_torquatus,Rodentia,Ctenomyidae,Ctenomys,torquatus,,,,,,,,,
Ctenomys_tuconax,Rodentia,Ctenomyidae,Ctenomys,tuconax,,,,,,,,,
Ctenomys_tucumanus,Rodentia,Ctenomyidae,Ctenomys,tucumanus,,,,,,,,,
Ctenomys_tulduco,Rodentia,Ctenomyidae,Ctenomys,tulduco,,,,,,,,,
Ctenomys_validus,Rodentia,Ctenomyidae,Ctenomys,validus,,,,,,,,,
Ctenomys_viperinus,Rodentia,Ctenomyidae,Ctenomys,viperinus,,,,,,,,,
Ctenomys_yolandae,Rodentia,Ctenomyidae,Ctenomys,yolandae,,,,,,,,,
Amblyrhiza_inundata,Rodentia,Echimyidae,Amblyrhiza,inundata,,,,,,,,,
Boromys_offella,Rodentia,Echimyidae,Boromys,offella,,,,,,,,,
Boromys_torrei,Rodentia,Echimyidae,Boromys,torrei,,,,,,,,,
Brotomys_voratus,Rodentia,Echimyidae,Brotomys,voratus,,,,,,,,,
Callistomys_pictus,Rodentia,Echimyidae,Callistomys,pictus,,,,,,,,,
Capromys_garridoi,Rodentia,Echimyidae,Capromys,garridoi,,,,,,,,,
Capromys_pilorides,Rodentia,Echimyidae,Capromys,pilorides,,,,,,,,,
Carterodon_sulcidens,Rodentia,Echimyidae,Carterodon,sulcidens,,,,,,,,,
Clyomys_laticeps,Rodentia,Echimyidae,Clyomys,laticeps,,Y,0,0,0,,,,
Dactylomys_boliviensis,Rodentia,Echimyidae,Dactylomys,boliviensis,,,,,,,,,
Dactylomys_dactylinus,Rodentia,Echimyidae,Dactylomys,dactylinus,,,,,,,,,
Dactylomys_peruanus,Rodentia,Echimyidae,Dactylomys,peruanus,,,,,,,,,
Diplomys_caniceps,Rodentia,Echimyidae,Diplomys,caniceps,,,,,,,,,
Diplomys_labilis,Rodentia,Echimyidae,Diplomys,labilis,,,,,,,,,
Echimys_chrysurus,Rodentia,Echimyidae,Echimys,chrysurus,,Y,0,0,0,,,,
Echimys_saturnus,Rodentia,Echimyidae,Echimys,saturnus,,,,,,,,,
Echimys_vieirai,Rodentia,Echimyidae,Echimys,vieirai,,,,,,,,,
Euryzygomatomys_spinosus,Rodentia,Echimyidae,Euryzygomatomys,spinosus,,,,,,,,,
Geocapromys_brownii,Rodentia,Echimyidae,Geocapromys,brownii,,,,,,,,,
Geocapromys_columbianus,Rodentia,Echimyidae,Geocapromys,columbianus,,,,,,,,,
Geocapromys_ingrahami,Rodentia,Echimyidae,Geocapromys,ingrahami,,Y,0,0,0,,,,
Geocapromys_spA,Rodentia,Echimyidae,Geocapromys,spA,,,,,,,,,
Geocapromys_thoracatus,Rodentia,Echimyidae,Geocapromys,thoracatus,,,,,,,,,
Heteropsomys_insulans,Rodentia,Echimyidae,Heteropsomys,insulans,,,,,,,,,
Hexolobodon_phenax,Rodentia,Echimyidae,Hexolobodon,phenax,,,,,,,,,
HexolobodontinaeGen_spA,Rodentia,Echimyidae,HexolobodontinaeGen,spA,,,,,,,,,
Hoplomys_gymnurus,Rodentia,Echimyidae,Hoplomys,gymnurus,,,,,,,,,
Isolobodon_montanus,Rodentia,Echimyidae,Isolobodon,montanus,,,,,,,,,
Isolobodon_portoricensis,Rodentia,Echimyidae,Isolobodon,portoricensis,,,,,,,,,
Isothrix_barbarabrownae,Rodentia,Echimyidae,Isothrix,barbarabrownae,,,,,,,,,
Isothrix_bistriata,Rodentia,Echimyidae,Isothrix,bistriata,,,,,,,,,
Isothrix_negrensis,Rodentia,Echimyidae,Isothrix,negrensis,,,,,,,,,
Isothrix_orinoci,Rodentia,Echimyidae,Isothrix,orinoci,,,,,,,,,
Isothrix_pagurus,Rodentia,Echimyidae,Isothrix,pagurus,,,,,,,,,
Isothrix_sinnamariensis,Rodentia,Echimyidae,Isothrix,sinnamariensis,,,,,,,,,
Kannabateomys_amblyonyx,Rodentia,Echimyidae,Kannabateomys,amblyonyx,,,,,,,,,
Lonchothrix_emiliae,Rodentia,Echimyidae,Lonchothrix,emiliae,,,,,,,,,
Makalata_didelphoides,Rodentia,Echimyidae,Makalata,didelphoides,,Y,0,0,0,,,,
Makalata_macrura,Rodentia,Echimyidae,Makalata,macrura,,,,,,,,,
Makalata_obscura,Rodentia,Echimyidae,Makalata,obscura,,,,,,,,,
Mesocapromys_angelcabrerai,Rodentia,Echimyidae,Mesocapromys,angelcabrerai,,,,,,,,,
Mesocapromys_auritus,Rodentia,Echimyidae,Mesocapromys,auritus,,,,,,,,,
Mesocapromys_nanus,Rodentia,Echimyidae,Mesocapromys,nanus,,,,,,,,,
Mesocapromys_sanfelipensis,Rodentia,Echimyidae,Mesocapromys,sanfelipensis,,,,,,,,,
Mesomys_hispidus,Rodentia,Echimyidae,Mesomys,hispidus,,,,,,,,,
Mesomys_leniceps,Rodentia,Echimyidae,Mesomys,leniceps,,,,,,,,,
Mesomys_occultus,Rodentia,Echimyidae,Mesomys,occultus,,,,,,,,,
Mesomys_stimulax,Rodentia,Echimyidae,Mesomys,stimulax,,,,,,,,,
Myocastor_coypus,Rodentia,Echimyidae,Myocastor,coypus,,Y,0,0,0,,,,
Mysateles_melanurus,Rodentia,Echimyidae,Mysateles,melanurus,,,,,,,,,
Mysateles_prehensilis,Rodentia,Echimyidae,Mysateles,prehensilis,,,,,,,,,
Olallamys_albicauda,Rodentia,Echimyidae,Olallamys,albicauda,,,,,,,,,
Olallamys_edax,Rodentia,Echimyidae,Olallamys,edax,,,,,,,,,
Pattonomys_carrikeri,Rodentia,Echimyidae,Pattonomys,carrikeri,,,,,,,,,
Pattonomys_flavidus,Rodentia,Echimyidae,Pattonomys,flavidus,,,,,,,,,
Pattonomys_occasius,Rodentia,Echimyidae,Pattonomys,occasius,,,,,,,,,
Pattonomys_punctatus,Rodentia,Echimyidae,Pattonomys,punctatus,,,,,,,,,
Pattonomys_semivillosus,Rodentia,Echimyidae,Pattonomys,semivillosus,,Y,0,0,0,,,,
Phyllomys_blainvillii,Rodentia,Echimyidae,Phyllomys,blainvillii,,,,,,,,,
Phyllomys_brasiliensis,Rodentia,Echimyidae,Phyllomys,brasiliensis,,,,,,,,,
Phyllomys_dasythrix,Rodentia,Echimyidae,Phyllomys,dasythrix,,,,,,,,,
Phyllomys_kerri,Rodentia,Echimyidae,Phyllomys,kerri,,,,,,,,,
Phyllomys_lamarum,Rodentia,Echimyidae,Phyllomys,lamarum,,,,,,,,,
Phyllomys_lundi,Rodentia,Echimyidae,Phyllomys,lundi,,,,,,,,,
Phyllomys_mantiqueirensis,Rodentia,Echimyidae,Phyllomys,mantiqueirensis,,,,,,,,,
Phyllomys_medius,Rodentia,Echimyidae,Phyllomys,medius,,,,,,,,,
Phyllomys_nigrispinus,Rodentia,Echimyidae,Phyllomys,nigrispinus,,,,,,,,,
Phyllomys_pattoni,Rodentia,Echimyidae,Phyllomys,pattoni,,,,,,,,,
Phyllomys_sulinus,Rodentia,Echimyidae,Phyllomys,sulinus,,,,,,,,,
Phyllomys_thomasi,Rodentia,Echimyidae,Phyllomys,thomasi,,,,,,,,,
Phyllomys_unicolor,Rodentia,Echimyidae,Phyllomys,unicolor,,,,,,,,,
Plagiodontia_aedium,Rodentia,Echimyidae,Plagiodontia,aedium,,,,,,,,,
Plagiodontia_ipnaeum,Rodentia,Echimyidae,Plagiodontia,ipnaeum,,,,,,,,,
Plagiodontia_spelaeum,Rodentia,Echimyidae,Plagiodontia,spelaeum,,,,,,,,,
Proechimys_brevicauda,Rodentia,Echimyidae,Proechimys,brevicauda,,,,,,,,,
Proechimys_canicollis,Rodentia,Echimyidae,Proechimys,canicollis,,,,,,,,,
Proechimys_chrysaeolus,Rodentia,Echimyidae,Proechimys,chrysaeolus,,,,,,,,,
Proechimys_cuvieri,Rodentia,Echimyidae,Proechimys,cuvieri,,,,,,,,,
Proechimys_decumanus,Rodentia,Echimyidae,Proechimys,decumanus,,,,,,,,,
Proechimys_echinothrix,Rodentia,Echimyidae,Proechimys,echinothrix,,,,,,,,,
Proechimys_gardneri,Rodentia,Echimyidae,Proechimys,gardneri,,,,,,,,,
Proechimys_goeldii,Rodentia,Echimyidae,Proechimys,goeldii,,,,,,,,,
Proechimys_guairae,Rodentia,Echimyidae,Proechimys,guairae,,Y,0,0,0,,,,
Proechimys_guyannensis,Rodentia,Echimyidae,Proechimys,guyannensis,,Y,0,0,0,,,,
Proechimys_hoplomyoides,Rodentia,Echimyidae,Proechimys,hoplomyoides,,,,,,,,,
Proechimys_kulinae,Rodentia,Echimyidae,Proechimys,kulinae,,,,,,,,,
Proechimys_longicaudatus,Rodentia,Echimyidae,Proechimys,longicaudatus,,Y,0,0,0,,,,
Proechimys_mincae,Rodentia,Echimyidae,Proechimys,mincae,,,,,,,,,
Proechimys_oconnelli,Rodentia,Echimyidae,Proechimys,oconnelli,,,,,,,,,
Proechimys_pattoni,Rodentia,Echimyidae,Proechimys,pattoni,,,,,,,,,
Proechimys_quadruplicatus,Rodentia,Echimyidae,Proechimys,quadruplicatus,,,,,,,,,
Proechimys_roberti,Rodentia,Echimyidae,Proechimys,roberti,,,,,,,,,
Proechimys_semispinosus,Rodentia,Echimyidae,Proechimys,semispinosus,,Y,0,0,0,,,,
Proechimys_simonsi,Rodentia,Echimyidae,Proechimys,simonsi,,Y,0,0,0,,,,
Proechimys_steerei,Rodentia,Echimyidae,Proechimys,steerei,,,,,,,,,
Proechimys_trinitatis,Rodentia,Echimyidae,Proechimys,trinitatis,,,,,,,,,
Quemisia_gravis,Rodentia,Echimyidae,Quemisia,gravis,,,,,,,,,
Rhizoplagiodontia_lemkei,Rodentia,Echimyidae,Rhizoplagiodontia,lemkei,,,,,,,,,
Santamartamys_rufodorsalis,Rodentia,Echimyidae,Santamartamys,rufodorsalis,,,,,,,,,
Thrichomys_apereoides,Rodentia,Echimyidae,Thrichomys,apereoides,,Y,0,0,0,,,,
Thrichomys_inermis,Rodentia,Echimyidae,Thrichomys,inermis,,,,,,,,,
Thrichomys_laurentius,Rodentia,Echimyidae,Thrichomys,laurentius,,,,,,,,,
Thrichomys_pachyurus,Rodentia,Echimyidae,Thrichomys,pachyurus,,,,,,,,,
Toromys_grandis,Rodentia,Echimyidae,Toromys,grandis,,,,,,,,,
Toromys_rhipidurus,Rodentia,Echimyidae,Toromys,rhipidurus,,,,,,,,,
Trinomys_albispinus,Rodentia,Echimyidae,Trinomys,albispinus,,,,,,,,,
Trinomys_dimidiatus,Rodentia,Echimyidae,Trinomys,dimidiatus,,,,,,,,,
Trinomys_eliasi,Rodentia,Echimyidae,Trinomys,eliasi,,,,,,,,,
Trinomys_gratiosus,Rodentia,Echimyidae,Trinomys,gratiosus,,,,,,,,,
Trinomys_iheringi,Rodentia,Echimyidae,Trinomys,iheringi,,Y,0,0,0,,,,
Trinomys_mirapitanga,Rodentia,Echimyidae,Trinomys,mirapitanga,,,,,,,,,
Trinomys_moojeni,Rodentia,Echimyidae,Trinomys,moojeni,,,,,,,,,
Trinomys_paratus,Rodentia,Echimyidae,Trinomys,paratus,,Y,0,0,0,,,,
Trinomys_setosus,Rodentia,Echimyidae,Trinomys,setosus,,,,,,,,,
Trinomys_yonenagae,Rodentia,Echimyidae,Trinomys,yonenagae,,,,,,,,,
Xaymaca_fulvopulvis,Rodentia,Echimyidae,Xaymaca,fulvopulvis,,,,,,,,,
Aconaemys_fuscus,Rodentia,Octodontidae,Aconaemys,fuscus,,Y,0,0,0,,,,
Aconaemys_porteri,Rodentia,Octodontidae,Aconaemys,porteri,,Y,0,0,0,,,,
Aconaemys_sagei,Rodentia,Octodontidae,Aconaemys,sagei,,,,,,,,,
Octodon_bridgesi,Rodentia,Octodontidae,Octodon,bridgesi,,Y,0,0,0,,,,
Octodon_degus,Rodentia,Octodontidae,Octodon,degus,,Y,1,1,1,,,,
Octodon_lunatus,Rodentia,Octodontidae,Octodon,lunatus,,Y,0,0,0,,,,
Octodon_pacificus,Rodentia,Octodontidae,Octodon,pacificus,,,,,,,,,
Octodontomys_gliroides,Rodentia,Octodontidae,Octodontomys,gliroides,,,,,,,,,
Octomys_mimax,Rodentia,Octodontidae,Octomys,mimax,,,,,,,,,
Spalacopus_cyanus,Rodentia,Octodontidae,Spalacopus,cyanus,,Y,0,0,0,,,,
Tympanoctomys_aureus,Rodentia,Octodontidae,Tympanoctomys,aureus,,,,,,,,,
Tympanoctomys_barrerae,Rodentia,Octodontidae,Tympanoctomys,barrerae,,,,,,,,,
Tympanoctomys_kirchnerorum,Rodentia,Octodontidae,Tympanoctomys,kirchnerorum,,,,,,,,,
Tympanoctomys_loschalchalerosorum,Rodentia,Octodontidae,Tympanoctomys,loschalchalerosorum,,,,,,,,,