Binomial.1.2,Order.1.2,Family.1.2,Genus.1.2,Species.1.2,,1700 Matched Species,FSSB,MSSB,SSB,,Total Species,SSB Data Present,Percent Covered
Ailurus_fulgens,Carnivora,Ailuridae,Ailurus,fulgens,,Y,0,0,0,,182,130,71.42857143
Brachyprotoma_obtusata,Carnivora,Mephitidae,Brachyprotoma,obtusata,,,,,,,,,
Conepatus_chinga,Carnivora,Mephitidae,Conepatus,chinga,,Y,0,0,0,,,,
Conepatus_humboldtii,Carnivora,Mephitidae,Conepatus,humboldtii,,Y,0,0,0,,,,
Conepatus_leuconotus,Carnivora,Mephitidae,Conepatus,leuconotus,,Y,0,0,0,,,,
Conepatus_semistriatus,Carnivora,Mephitidae,Conepatus,semistriatus,,Y,0,0,0,,,,
Mephitis_macroura,Carnivora,Mephitidae,Mephitis,macroura,,Y,0,0,0,,,,
Mephitis_mephitis,Carnivora,Mephitidae,Mephitis,mephitis,,Y,0,0,0,,,,
Mydaus_javanensis,Carnivora,Mephitidae,Mydaus,javanensis,,Y,0,0,0,,,,
Mydaus_marchei,Carnivora,Mephitidae,Mydaus,marchei,,,,,,,,,
Spilogale_angustifrons,Carnivora,Mephitidae,Spilogale,angustifrons,,,,,,,,,
Spilogale_gracilis,Carnivora,Mephitidae,Spilogale,gracilis,,Y,0,0,0,,,,
Spilogale_putorius,Carnivora,Mephitidae,Spilogale,putorius,,Y,0,0,0,,,,
Spilogale_pygmaea,Carnivora,Mephitidae,Spilogale,pygmaea,,,,,,,,,
Aonyx_capensis,Carnivora,Mustelidae,Aonyx,capensis,,Y,0,0,0,,,,
Aonyx_cinereus,Carnivora,Mustelidae,Aonyx,cinereus,,Y,0,0,0,,,,
Aonyx_congicus,Carnivora,Mustelidae,Aonyx,congicus,,Y,0,0,0,,,,
Arctonyx_albogularis,Carnivora,Mustelidae,Arctonyx,albogularis,,,,,,,,,
Arctonyx_collaris,Carnivora,Mustelidae,Arctonyx,collaris,,Y,0,0,0,,,,
Arctonyx_hoevenii,Carnivora,Mustelidae,Arctonyx,hoevenii,,,,,,,,,
Eira_barbara,Carnivora,Mustelidae,Eira,barbara,,Y,0,0,0,,,,
Enhydra_lutris,Carnivora,Mustelidae,Enhydra,lutris,,Y,0,1,1,,,,
Galictis_cuja,Carnivora,Mustelidae,Galictis,cuja,,Y,0,0,0,,,,
Galictis_vittata,Carnivora,Mustelidae,Galictis,vittata,,,,,,,,,
Gulo_gulo,Carnivora,Mustelidae,Gulo,gulo,,Y,0,0,0,,,,
Hydrictis_maculicollis,Carnivora,Mustelidae,Hydrictis,maculicollis,,Y,0,0,0,,,,
Ictonyx_libycus,Carnivora,Mustelidae,Ictonyx,libycus,,,,,,,,,
Ictonyx_striatus,Carnivora,Mustelidae,Ictonyx,striatus,,Y,0,0,0,,,,
Lontra_canadensis,Carnivora,Mustelidae,Lontra,canadensis,,Y,0,0,0,,,,
Lontra_felina,Carnivora,Mustelidae,Lontra,felina,,Y,0,0,0,,,,
Lontra_longicaudis,Carnivora,Mustelidae,Lontra,longicaudis,,Y,0,0,0,,,,
Lontra_provocax,Carnivora,Mustelidae,Lontra,provocax,,,,,,,,,
Lutra_lutra,Carnivora,Mustelidae,Lutra,lutra,,Y,0,0,0,,,,
Lutra_sumatrana,Carnivora,Mustelidae,Lutra,sumatrana,,,,,,,,,
Lutrogale_perspicillata,Carnivora,Mustelidae,Lutrogale,perspicillata,,Y,0,0,0,,,,
Lyncodon_patagonicus,Carnivora,Mustelidae,Lyncodon,patagonicus,,,,,,,,,
Martes_americana,Carnivora,Mustelidae,Martes,americana,,Y,0,0,0,,,,
Martes_flavigula,Carnivora,Mustelidae,Martes,flavigula,,Y,0,0,0,,,,
Martes_foina,Carnivora,Mustelidae,Martes,foina,,Y,0,0,0,,,,
Martes_gwatkinsii,Carnivora,Mustelidae,Martes,gwatkinsii,,,,,,,,,
Martes_martes,Carnivora,Mustelidae,Martes,martes,,Y,1,1,1,,,,
Martes_melampus,Carnivora,Mustelidae,Martes,melampus,,Y,0,0,0,,,,
Martes_pennanti,Carnivora,Mustelidae,Martes,pennanti,,Y,0,0,0,,,,
Martes_zibellina,Carnivora,Mustelidae,Martes,zibellina,,Y,0,0,0,,,,
Meles_anakuma,Carnivora,Mustelidae,Meles,anakuma,,,,,,,,,
Meles_leucurus,Carnivora,Mustelidae,Meles,leucurus,,,,,,,,,
Meles_meles,Carnivora,Mustelidae,Meles,meles,,Y,0,0,0,,,,
Mellivora_capensis,Carnivora,Mustelidae,Mellivora,capensis,,Y,0,0,0,,,,
Melogale_cucphuongensis,Carnivora,Mustelidae,Melogale,cucphuongensis,,,,,,,,,
Melogale_everetti,Carnivora,Mustelidae,Melogale,everetti,,,,,,,,,
Melogale_moschata,Carnivora,Mustelidae,Melogale,moschata,,Y,0,0,0,,,,
Melogale_orientalis,Carnivora,Mustelidae,Melogale,orientalis,,,,,,,,,
Melogale_personata,Carnivora,Mustelidae,Melogale,personata,,,,,,,,,
Mustela_africana,Carnivora,Mustelidae,Mustela,africana,,,,,,,,,
Mustela_altaica,Carnivora,Mustelidae,Mustela,altaica,,,,,,,,,
Mustela_erminea,Carnivora,Mustelidae,Mustela,erminea,,Y,0,0,0,,,,
Mustela_eversmanii,Carnivora,Mustelidae,Mustela,eversmanii,,Y,0,0,0,,,,
Mustela_felipei,Carnivora,Mustelidae,Mustela,felipei,,,,,,,,,
Mustela_frenata,Carnivora,Mustelidae,Mustela,frenata,,Y,0,0,0,,,,
Mustela_itatsi,Carnivora,Mustelidae,Mustela,itatsi,,,,,,,,,
Mustela_kathiah,Carnivora,Mustelidae,Mustela,kathiah,,Y,0,0,0,,,,
Mustela_lutreola,Carnivora,Mustelidae,Mustela,lutreola,,Y,0,0,0,,,,
Mustela_lutreolina,Carnivora,Mustelidae,Mustela,lutreolina,,,,,,,,,
Mustela_nigripes,Carnivora,Mustelidae,Mustela,nigripes,,Y,0,0,0,,,,
Mustela_nivalis,Carnivora,Mustelidae,Mustela,nivalis,,Y,0,0,0,,,,
Mustela_nudipes,Carnivora,Mustelidae,Mustela,nudipes,,,,,,,,,
Mustela_putorius,Carnivora,Mustelidae,Mustela,putorius,,Y,0,0,0,,,,
Mustela_russelliana,Carnivora,Mustelidae,Mustela,russelliana,,,,,,,,,
Mustela_sibirica,Carnivora,Mustelidae,Mustela,sibirica,,Y,0,0,0,,,,
Mustela_strigidorsa,Carnivora,Mustelidae,Mustela,strigidorsa,,Y,0,0,0,,,,
Mustela_subpalmata,Carnivora,Mustelidae,Mustela,subpalmata,,,,,,,,,
Mustela_tonkinensis,Carnivora,Mustelidae,Mustela,tonkinensis,,,,,,,,,
Neovison_macrodon,Carnivora,Mustelidae,Neovison,macrodon,,,,,,,,,
Neovison_vison,Carnivora,Mustelidae,Neovison,vison,,Y,0,0,0,,,,
Poecilogale_albinucha,Carnivora,Mustelidae,Poecilogale,albinucha,,,,,,,,,
Pteronura_brasiliensis,Carnivora,Mustelidae,Pteronura,brasiliensis,,Y,0,0,0,,,,
Taxidea_taxus,Carnivora,Mustelidae,Taxidea,taxus,,Y,0,0,0,,,,
Vormela_peregusna,Carnivora,Mustelidae,Vormela,peregusna,,,,,,,,,
Bassaricyon_alleni,Carnivora,Procyonidae,Bassaricyon,alleni,,Y,0,0,0,,,,
Bassaricyon_gabbii,Carnivora,Procyonidae,Bassaricyon,gabbii,,Y,0,0,0,,,,
Bassaricyon_medius,Carnivora,Procyonidae,Bassaricyon,medius,,,,,,,,,
Bassaricyon_neblina,Carnivora,Procyonidae,Bassaricyon,neblina,,Y,0,0,0,,,,
Bassariscus_astutus,Carnivora,Procyonidae,Bassariscus,astutus,,Y,0,0,0,,,,
Bassariscus_sumichrasti,Carnivora,Procyonidae,Bassariscus,sumichrasti,,Y,0,0,0,,,,
Nasua_narica,Carnivora,Procyonidae,Nasua,narica,,Y,0,0,0,,,,
Nasua_nasua,Carnivora,Procyonidae,Nasua,nasua,,Y,0,0,0,,,,
Nasuella_meridensis,Carnivora,Procyonidae,Nasuella,meridensis,,,,,,,,,
Nasuella_olivacea,Carnivora,Procyonidae,Nasuella,olivacea,,Y,0,0,0,,,,
Potos_flavus,Carnivora,Procyonidae,Potos,flavus,,Y,0,0,0,,,,
Procyon_cancrivorus,Carnivora,Procyonidae,Procyon,cancrivorus,,Y,0,0,0,,,,
Procyon_lotor,Carnivora,Procyonidae,Procyon,lotor,,Y,1,1,1,,,,
Procyon_pygmaeus,Carnivora,Procyonidae,Procyon,pygmaeus,,,,,,,,,
Odobenus_rosmarus,Carnivora,Odobenidae,Odobenus,rosmarus,,Y,0,1,1,,,,
Arctocephalus_australis,Carnivora,Otariidae,Arctocephalus,australis,,Y,0,0,0,,,,
Arctocephalus_forsteri,Carnivora,Otariidae,Arctocephalus,forsteri,,Y,0,0,0,,,,
Arctocephalus_galapagoensis,Carnivora,Otariidae,Arctocephalus,galapagoensis,,Y,0,0,0,,,,
Arctocephalus_gazella,Carnivora,Otariidae,Arctocephalus,gazella,,Y,0,0,0,,,,
Arctocephalus_philippii,Carnivora,Otariidae,Arctocephalus,philippii,,,,,,,,,
Arctocephalus_pusillus,Carnivora,Otariidae,Arctocephalus,pusillus,,Y,0,0,0,,,,
Arctocephalus_townsendi,Carnivora,Otariidae,Arctocephalus,townsendi,,Y,0,0,0,,,,
Arctocephalus_tropicalis,Carnivora,Otariidae,Arctocephalus,tropicalis,,Y,0,0,0,,,,
Callorhinus_ursinus,Carnivora,Otariidae,Callorhinus,ursinus,,Y,1,1,1,,,,
Eumetopias_jubatus,Carnivora,Otariidae,Eumetopias,jubatus,,Y,0,0,0,,,,
Neophoca_cinerea,Carnivora,Otariidae,Neophoca,cinerea,,Y,1,1,1,,,,
Otaria_byronia,Carnivora,Otariidae,Otaria,byronia,,Y,0,0,0,,,,
Phocarctos_hookeri,Carnivora,Otariidae,Phocarctos,hookeri,,Y,1,1,1,,,,
Zalophus_californianus,Carnivora,Otariidae,Zalophus,californianus,,Y,0,1,1,,,,
Zalophus_japonicus,Carnivora,Otariidae,Zalophus,japonicus,,,,,,,,,
Zalophus_wollebaeki,Carnivora,Otariidae,Zalophus,wollebaeki,,Y,0,0,0,,,,
Cystophora_cristata,Carnivora,Phocidae,Cystophora,cristata,,Y,0,0,0,,,,
Erignathus_barbatus,Carnivora,Phocidae,Erignathus,barbatus,,Y,0,0,0,,,,
Halichoerus_grypus,Carnivora,Phocidae,Halichoerus,grypus,,Y,1,1,1,,,,
Histriophoca_fasciata,Carnivora,Phocidae,Histriophoca,fasciata,,,,,,,,,
Hydrurga_leptonyx,Carnivora,Phocidae,Hydrurga,leptonyx,,Y,0,0,0,,,,
Leptonychotes_weddellii,Carnivora,Phocidae,Leptonychotes,weddellii,,Y,0,0,0,,,,
Lobodon_carcinophaga,Carnivora,Phocidae,Lobodon,carcinophaga,,Y,0,0,0,,,,
Mirounga_angustirostris,Carnivora,Phocidae,Mirounga,angustirostris,,Y,1,1,1,,,,
Mirounga_leonina,Carnivora,Phocidae,Mirounga,leonina,,Y,0,0,0,,,,
Monachus_monachus,Carnivora,Phocidae,Monachus,monachus,,Y,0,0,0,,,,
Neomonachus_schauinslandi,Carnivora,Phocidae,Neomonachus,schauinslandi,,Y,0,0,0,,,,
Neomonachus_tropicalis,Carnivora,Phocidae,Neomonachus,tropicalis,,,,,,,,,
Ommatophoca_rossii,Carnivora,Phocidae,Ommatophoca,rossii,,Y,0,0,0,,,,
Pagophilus_groenlandicus,Carnivora,Phocidae,Pagophilus,groenlandicus,,Y,0,0,0,,,,
Phoca_largha,Carnivora,Phocidae,Phoca,largha,,Y,1,0,1,,,,
Phoca_vitulina,Carnivora,Phocidae,Phoca,vitulina,,Y,1,1,1,,,,
Pusa_caspica,Carnivora,Phocidae,Pusa,caspica,,Y,0,0,0,,,,
Pusa_hispida,Carnivora,Phocidae,Pusa,hispida,,Y,0,0,0,,,,
Pusa_sibirica,Carnivora,Phocidae,Pusa,sibirica,,Y,0,0,0,,,,
Ailuropoda_melanoleuca,Carnivora,Ursidae,Ailuropoda,melanoleuca,,Y,0,0,0,,,,
Arctodus_simus,Carnivora,Ursidae,Arctodus,simus,,,,,,,,,
Arctotherium_tarijense,Carnivora,Ursidae,Arctotherium,tarijense,,,,,,,,,
Arctotherium_wingei,Carnivora,Ursidae,Arctotherium,wingei,,,,,,,,,
Helarctos_malayanus,Carnivora,Ursidae,Helarctos,malayanus,,Y,0,0,0,,,,
Melursus_ursinus,Carnivora,Ursidae,Melursus,ursinus,,Y,0,0,0,,,,
Tremarctos_floridanus,Carnivora,Ursidae,Tremarctos,floridanus,,,,,,,,,
Tremarctos_ornatus,Carnivora,Ursidae,Tremarctos,ornatus,,Y,0,0,0,,,,
Ursus_americanus,Carnivora,Ursidae,Ursus,americanus,,Y,1,1,1,,,,
Ursus_arctos,Carnivora,Ursidae,Ursus,arctos,,Y,1,1,1,,,,
Ursus_maritimus,Carnivora,Ursidae,Ursus,maritimus,,Y,0,0,1,,,,
Ursus_spelaeus,Carnivora,Ursidae,Ursus,spelaeus,,,,,,,,,
Ursus_thibetanus,Carnivora,Ursidae,Ursus,thibetanus,,Y,0,0,0,,,,
Atelocynus_microtis,Carnivora,Canidae,Atelocynus,microtis,,,,,,,,,
Canis_adustus,Carnivora,Canidae,Canis,adustus,,Y,0,0,0,,,,
Canis_aureus,Carnivora,Canidae,Canis,aureus,,Y,0,0,0,,,,
Canis_dirus,Carnivora,Canidae,Canis,dirus,,,,,,,,,
Canis_latrans,Carnivora,Canidae,Canis,latrans,,Y,0,0,0,,,,
Canis_lupus,Carnivora,Canidae,Canis,lupus,,Y,1,1,1,,,,
Canis_mesomelas,Carnivora,Canidae,Canis,mesomelas,,Y,0,0,0,,,,
Canis_rufus,Carnivora,Canidae,Canis,rufus,,Y,0,0,0,,,,
Canis_simensis,Carnivora,Canidae,Canis,simensis,,Y,0,0,0,,,,
Cerdocyon_thous,Carnivora,Canidae,Cerdocyon,thous,,Y,0,0,0,,,,
Chrysocyon_brachyurus,Carnivora,Canidae,Chrysocyon,brachyurus,,Y,0,1,1,,,,
Cuon_alpinus,Carnivora,Canidae,Cuon,alpinus,,Y,0,1,1,,,,
Cynotherium_sardous,Carnivora,Canidae,Cynotherium,sardous,,,,,,,,,
Dusicyon_australis,Carnivora,Canidae,Dusicyon,australis,,,,,,,,,
Dusicyon_avus,Carnivora,Canidae,Dusicyon,avus,,,,,,,,,
Lycalopex_culpaeus,Carnivora,Canidae,Lycalopex,culpaeus,,Y,0,0,0,,,,
Lycalopex_fulvipes,Carnivora,Canidae,Lycalopex,fulvipes,,,,,,,,,
Lycalopex_griseus,Carnivora,Canidae,Lycalopex,griseus,,Y,0,0,0,,,,
Lycalopex_gymnocercus,Carnivora,Canidae,Lycalopex,gymnocercus,,Y,0,0,0,,,,
Lycalopex_sechurae,Carnivora,Canidae,Lycalopex,sechurae,,,,,,,,,
Lycalopex_vetulus,Carnivora,Canidae,Lycalopex,vetulus,,Y,0,0,0,,,,
Lycaon_pictus,Carnivora,Canidae,Lycaon,pictus,,Y,0,0,0,,,,
Nyctereutes_procyonoides,Carnivora,Canidae,Nyctereutes,procyonoides,,Y,0,0,1,,,,
Otocyon_megalotis,Carnivora,Canidae,Otocyon,megalotis,,Y,0,0,0,,,,
Protocyon_troglodytes,Carnivora,Canidae,Protocyon,troglodytes,,,,,,,,,
Speothos_venaticus,Carnivora,Canidae,Speothos,venaticus,,Y,1,1,1,,,,
Theriodictis_tarijensis,Carnivora,Canidae,Theriodictis,tarijensis,,,,,,,,,
Urocyon_cinereoargenteus,Carnivora,Canidae,Urocyon,cinereoargenteus,,Y,0,0,0,,,,
Urocyon_littoralis,Carnivora,Canidae,Urocyon,littoralis,,Y,0,0,0,,,,
Vulpes_bengalensis,Carnivora,Canidae,Vulpes,bengalensis,,Y,0,0,0,,,,
Vulpes_cana,Carnivora,Canidae,Vulpes,cana,,Y,0,0,0,,,,
Vulpes_chama,Carnivora,Canidae,Vulpes,chama,,Y,0,0,0,,,,
Vulpes_corsac,Carnivora,Canidae,Vulpes,corsac,,Y,0,0,0,,,,
Vulpes_ferrilata,Carnivora,Canidae,Vulpes,ferrilata,,,,,,,,,
Vulpes_lagopus,Carnivora,Canidae,Vulpes,lagopus,,Y,0,0,0,,,,
Vulpes_macrotis,Carnivora,Canidae,Vulpes,macrotis,,Y,0,0,0,,,,
Vulpes_pallida,Carnivora,Canidae,Vulpes,pallida,,Y,0,0,0,,,,
Vulpes_rueppellii,Carnivora,Canidae,Vulpes,rueppellii,,Y,0,0,0,,,,
Vulpes_velox,Carnivora,Canidae,Vulpes,velox,,Y,0,0,0,,,,
Vulpes_vulpes,Carnivora,Canidae,Vulpes,vulpes,,Y,1,1,1,,,,
Vulpes_zerda,Carnivora,Canidae,Vulpes,zerda,,Y,0,0,0,,,,