Binomial.1.2,Order.1.2,Family.1.2,Genus.1.2,Species.1.2,,1700 Matched Species,FSSB,MSSB,SSB,,Total Species,SSB Data Present,Percent Covered
Balantiopteryx_infusca,Chiroptera,Emballonuridae,Balantiopteryx,infusca,,,,,,,807,80,9.913258984
Balantiopteryx_io,Chiroptera,Emballonuridae,Balantiopteryx,io,,,,,,,,,
Balantiopteryx_plicata,Chiroptera,Emballonuridae,Balantiopteryx,plicata,,,,,,,,,
Centronycteris_centralis,Chiroptera,Emballonuridae,Centronycteris,centralis,,,,,,,,,
Centronycteris_maximiliani,Chiroptera,Emballonuridae,Centronycteris,maximiliani,,,,,,,,,
Coleura_afra,Chiroptera,Emballonuridae,Coleura,afra,,,,,,,,,
Coleura_seychellensis,Chiroptera,Emballonuridae,Coleura,seychellensis,,,,,,,,,
Cormura_brevirostris,Chiroptera,Emballonuridae,Cormura,brevirostris,,,,,,,,,
Cyttarops_alecto,Chiroptera,Emballonuridae,Cyttarops,alecto,,,,,,,,,
Diclidurus_albus,Chiroptera,Emballonuridae,Diclidurus,albus,,,,,,,,,
Diclidurus_ingens,Chiroptera,Emballonuridae,Diclidurus,ingens,,,,,,,,,
Diclidurus_isabella,Chiroptera,Emballonuridae,Diclidurus,isabella,,,,,,,,,
Diclidurus_scutatus,Chiroptera,Emballonuridae,Diclidurus,scutatus,,,,,,,,,
Emballonura_alecto,Chiroptera,Emballonuridae,Emballonura,alecto,,,,,,,,,
Emballonura_beccarii,Chiroptera,Emballonuridae,Emballonura,beccarii,,,,,,,,,
Emballonura_dianae,Chiroptera,Emballonuridae,Emballonura,dianae,,,,,,,,,
Emballonura_furax,Chiroptera,Emballonuridae,Emballonura,furax,,,,,,,,,
Emballonura_monticola,Chiroptera,Emballonuridae,Emballonura,monticola,,,,,,,,,
Emballonura_raffrayana,Chiroptera,Emballonuridae,Emballonura,raffrayana,,,,,,,,,
Emballonura_semicaudata,Chiroptera,Emballonuridae,Emballonura,semicaudata,,,,,,,,,
Emballonura_serii,Chiroptera,Emballonuridae,Emballonura,serii,,,,,,,,,
Mosia_nigrescens,Chiroptera,Emballonuridae,Mosia,nigrescens,,,,,,,,,
Paremballonura_atrata,Chiroptera,Emballonuridae,Paremballonura,atrata,,,,,,,,,
Paremballonura_tiavato,Chiroptera,Emballonuridae,Paremballonura,tiavato,,,,,,,,,
Peropteryx_kappleri,Chiroptera,Emballonuridae,Peropteryx,kappleri,,,,,,,,,
Peropteryx_leucoptera,Chiroptera,Emballonuridae,Peropteryx,leucoptera,,,,,,,,,
Peropteryx_macrotis,Chiroptera,Emballonuridae,Peropteryx,macrotis,,,,,,,,,
Peropteryx_pallidoptera,Chiroptera,Emballonuridae,Peropteryx,pallidoptera,,,,,,,,,
Peropteryx_trinitatis,Chiroptera,Emballonuridae,Peropteryx,trinitatis,,,,,,,,,
Rhynchonycteris_naso,Chiroptera,Emballonuridae,Rhynchonycteris,naso,,,,,,,,,
Saccolaimus_flaviventris,Chiroptera,Emballonuridae,Saccolaimus,flaviventris,,,,,,,,,
Saccolaimus_mixtus,Chiroptera,Emballonuridae,Saccolaimus,mixtus,,,,,,,,,
Saccolaimus_peli,Chiroptera,Emballonuridae,Saccolaimus,peli,,,,,,,,,
Saccolaimus_saccolaimus,Chiroptera,Emballonuridae,Saccolaimus,saccolaimus,,,,,,,,,
Saccopteryx_antioquensis,Chiroptera,Emballonuridae,Saccopteryx,antioquensis,,,,,,,,,
Saccopteryx_bilineata,Chiroptera,Emballonuridae,Saccopteryx,bilineata,,,,,,,,,
Saccopteryx_canescens,Chiroptera,Emballonuridae,Saccopteryx,canescens,,,,,,,,,
Saccopteryx_gymnura,Chiroptera,Emballonuridae,Saccopteryx,gymnura,,,,,,,,,
Saccopteryx_leptura,Chiroptera,Emballonuridae,Saccopteryx,leptura,,,,,,,,,
Taphozous_achates,Chiroptera,Emballonuridae,Taphozous,achates,,,,,,,,,
Taphozous_australis,Chiroptera,Emballonuridae,Taphozous,australis,,,,,,,,,
Taphozous_georgianus,Chiroptera,Emballonuridae,Taphozous,georgianus,,,,,,,,,
Taphozous_hamiltoni,Chiroptera,Emballonuridae,Taphozous,hamiltoni,,,,,,,,,
Taphozous_hildegardeae,Chiroptera,Emballonuridae,Taphozous,hildegardeae,,,,,,,,,
Taphozous_hilli,Chiroptera,Emballonuridae,Taphozous,hilli,,,,,,,,,
Taphozous_kapalgensis,Chiroptera,Emballonuridae,Taphozous,kapalgensis,,,,,,,,,
Taphozous_longimanus,Chiroptera,Emballonuridae,Taphozous,longimanus,,,,,,,,,
Taphozous_mauritianus,Chiroptera,Emballonuridae,Taphozous,mauritianus,,,,,,,,,
Taphozous_melanopogon,Chiroptera,Emballonuridae,Taphozous,melanopogon,,,,,,,,,
Taphozous_nudiventris,Chiroptera,Emballonuridae,Taphozous,nudiventris,,Y,0,0,0,,,,
Taphozous_perforatus,Chiroptera,Emballonuridae,Taphozous,perforatus,,,,,,,,,
Taphozous_theobaldi,Chiroptera,Emballonuridae,Taphozous,theobaldi,,,,,,,,,
Taphozous_troughtoni,Chiroptera,Emballonuridae,Taphozous,troughtoni,,,,,,,,,
Myzopoda_aurita,Chiroptera,Myzopodidae,Myzopoda,aurita,,,,,,,,,
Myzopoda_schliemanni,Chiroptera,Myzopodidae,Myzopoda,schliemanni,,,,,,,,,
Nycteris_arge,Chiroptera,Nycteridae,Nycteris,arge,,,,,,,,,
Nycteris_aurita,Chiroptera,Nycteridae,Nycteris,aurita,,,,,,,,,
Nycteris_gambiensis,Chiroptera,Nycteridae,Nycteris,gambiensis,,,,,,,,,
Nycteris_grandis,Chiroptera,Nycteridae,Nycteris,grandis,,,,,,,,,
Nycteris_hispida,Chiroptera,Nycteridae,Nycteris,hispida,,,,,,,,,
Nycteris_intermedia,Chiroptera,Nycteridae,Nycteris,intermedia,,,,,,,,,
Nycteris_javanica,Chiroptera,Nycteridae,Nycteris,javanica,,,,,,,,,
Nycteris_macrotis,Chiroptera,Nycteridae,Nycteris,macrotis,,,,,,,,,
Nycteris_madagascariensis,Chiroptera,Nycteridae,Nycteris,madagascariensis,,,,,,,,,
Nycteris_major,Chiroptera,Nycteridae,Nycteris,major,,,,,,,,,
Nycteris_nana,Chiroptera,Nycteridae,Nycteris,nana,,,,,,,,,
Nycteris_parisii,Chiroptera,Nycteridae,Nycteris,parisii,,,,,,,,,
Nycteris_thebaica,Chiroptera,Nycteridae,Nycteris,thebaica,,,,,,,,,
Nycteris_tragata,Chiroptera,Nycteridae,Nycteris,tragata,,,,,,,,,
Nycteris_vinsoni,Chiroptera,Nycteridae,Nycteris,vinsoni,,,,,,,,,
Nycteris_woodi,Chiroptera,Nycteridae,Nycteris,woodi,,,,,,,,,
Amorphochilus_schnablii,Chiroptera,Furipteridae,Amorphochilus,schnablii,,,,,,,,,
Furipterus_horrens,Chiroptera,Furipteridae,Furipterus,horrens,,,,,,,,,
Mormoops_blainvillei,Chiroptera,Mormoopidae,Mormoops,blainvillei,,,,,,,,,
Mormoops_magna,Chiroptera,Mormoopidae,Mormoops,magna,,,,,,,,,
Mormoops_megalophylla,Chiroptera,Mormoopidae,Mormoops,megalophylla,,Y,0,0,0,,,,
Pteronotus_davyi,Chiroptera,Mormoopidae,Pteronotus,davyi,,,,,,,,,
Pteronotus_gymnonotus,Chiroptera,Mormoopidae,Pteronotus,gymnonotus,,,,,,,,,
Pteronotus_macleayii,Chiroptera,Mormoopidae,Pteronotus,macleayii,,,,,,,,,
Pteronotus_mesoamericanus,Chiroptera,Mormoopidae,Pteronotus,mesoamericanus,,,,,,,,,
Pteronotus_paraguanensis,Chiroptera,Mormoopidae,Pteronotus,paraguanensis,,,,,,,,,
Pteronotus_parnellii,Chiroptera,Mormoopidae,Pteronotus,parnellii,,,,,,,,,
Pteronotus_personatus,Chiroptera,Mormoopidae,Pteronotus,personatus,,,,,,,,,
Pteronotus_quadridens,Chiroptera,Mormoopidae,Pteronotus,quadridens,,Y,0,0,0,,,,
Pteronotus_rubiginosus,Chiroptera,Mormoopidae,Pteronotus,rubiginosus,,,,,,,,,
Mystacina_robusta,Chiroptera,Mystacinidae,Mystacina,robusta,,,,,,,,,
Mystacina_tuberculata,Chiroptera,Mystacinidae,Mystacina,tuberculata,,Y,0,0,0,,,,
Noctilio_albiventris,Chiroptera,Noctilionidae,Noctilio,albiventris,,,,,,,,,
Noctilio_leporinus,Chiroptera,Noctilionidae,Noctilio,leporinus,,,,,,,,,
Ametrida_centurio,Chiroptera,Phyllostomidae,Ametrida,centurio,,,,,,,,,
Anoura_caudifer,Chiroptera,Phyllostomidae,Anoura,caudifer,,,,,,,,,
Anoura_cultrata,Chiroptera,Phyllostomidae,Anoura,cultrata,,,,,,,,,
Anoura_fistulata,Chiroptera,Phyllostomidae,Anoura,fistulata,,,,,,,,,
Anoura_geoffroyi,Chiroptera,Phyllostomidae,Anoura,geoffroyi,,,,,,,,,
Anoura_latidens,Chiroptera,Phyllostomidae,Anoura,latidens,,,,,,,,,
Anoura_luismanueli,Chiroptera,Phyllostomidae,Anoura,luismanueli,,,,,,,,,
Ardops_nichollsi,Chiroptera,Phyllostomidae,Ardops,nichollsi,,,,,,,,,
Ariteus_flavescens,Chiroptera,Phyllostomidae,Ariteus,flavescens,,,,,,,,,
Artibeus_amplus,Chiroptera,Phyllostomidae,Artibeus,amplus,,,,,,,,,
Artibeus_anthonyi,Chiroptera,Phyllostomidae,Artibeus,anthonyi,,,,,,,,,
Artibeus_concolor,Chiroptera,Phyllostomidae,Artibeus,concolor,,,,,,,,,
Artibeus_fimbriatus,Chiroptera,Phyllostomidae,Artibeus,fimbriatus,,,,,,,,,
Artibeus_fraterculus,Chiroptera,Phyllostomidae,Artibeus,fraterculus,,,,,,,,,
Artibeus_hirsutus,Chiroptera,Phyllostomidae,Artibeus,hirsutus,,,,,,,,,
Artibeus_inopinatus,Chiroptera,Phyllostomidae,Artibeus,inopinatus,,,,,,,,,
Artibeus_jamaicensis,Chiroptera,Phyllostomidae,Artibeus,jamaicensis,,,,,,,,,
Artibeus_lituratus,Chiroptera,Phyllostomidae,Artibeus,lituratus,,,,,,,,,
Artibeus_obscurus,Chiroptera,Phyllostomidae,Artibeus,obscurus,,,,,,,,,
Artibeus_planirostris,Chiroptera,Phyllostomidae,Artibeus,planirostris,,,,,,,,,
Artibeus_schwartzi,Chiroptera,Phyllostomidae,Artibeus,schwartzi,,,,,,,,,
Brachyphylla_cavernarum,Chiroptera,Phyllostomidae,Brachyphylla,cavernarum,,Y,0,0,0,,,,
Brachyphylla_nana,Chiroptera,Phyllostomidae,Brachyphylla,nana,,,,,,,,,
Carollia_brevicauda,Chiroptera,Phyllostomidae,Carollia,brevicauda,,,,,,,,,
Carollia_castanea,Chiroptera,Phyllostomidae,Carollia,castanea,,,,,,,,,
Carollia_manu,Chiroptera,Phyllostomidae,Carollia,manu,,,,,,,,,
Carollia_perspicillata,Chiroptera,Phyllostomidae,Carollia,perspicillata,,Y,0,0,0,,,,
Carollia_sowelli,Chiroptera,Phyllostomidae,Carollia,sowelli,,,,,,,,,
Carollia_subrufa,Chiroptera,Phyllostomidae,Carollia,subrufa,,,,,,,,,
Centurio_senex,Chiroptera,Phyllostomidae,Centurio,senex,,,,,,,,,
Chiroderma_doriae,Chiroptera,Phyllostomidae,Chiroderma,doriae,,,,,,,,,
Chiroderma_improvisum,Chiroptera,Phyllostomidae,Chiroderma,improvisum,,,,,,,,,
Chiroderma_salvini,Chiroptera,Phyllostomidae,Chiroderma,salvini,,,,,,,,,
Chiroderma_trinitatum,Chiroptera,Phyllostomidae,Chiroderma,trinitatum,,,,,,,,,
Chiroderma_villosum,Chiroptera,Phyllostomidae,Chiroderma,villosum,,,,,,,,,
Choeroniscus_godmani,Chiroptera,Phyllostomidae,Choeroniscus,godmani,,,,,,,,,
Choeroniscus_minor,Chiroptera,Phyllostomidae,Choeroniscus,minor,,,,,,,,,
Choeroniscus_periosus,Chiroptera,Phyllostomidae,Choeroniscus,periosus,,,,,,,,,
Choeronycteris_mexicana,Chiroptera,Phyllostomidae,Choeronycteris,mexicana,,Y,0,0,0,,,,
Chrotopterus_auritus,Chiroptera,Phyllostomidae,Chrotopterus,auritus,,,,,,,,,
Dermanura_anderseni,Chiroptera,Phyllostomidae,Dermanura,anderseni,,,,,,,,,
Dermanura_azteca,Chiroptera,Phyllostomidae,Dermanura,azteca,,,,,,,,,
Dermanura_cinerea,Chiroptera,Phyllostomidae,Dermanura,cinerea,,,,,,,,,
Dermanura_glauca,Chiroptera,Phyllostomidae,Dermanura,glauca,,,,,,,,,
Dermanura_gnoma,Chiroptera,Phyllostomidae,Dermanura,gnoma,,,,,,,,,
Dermanura_phaeotis,Chiroptera,Phyllostomidae,Dermanura,phaeotis,,,,,,,,,
Dermanura_rosenbergi,Chiroptera,Phyllostomidae,Dermanura,rosenbergi,,,,,,,,,
Dermanura_tolteca,Chiroptera,Phyllostomidae,Dermanura,tolteca,,,,,,,,,
Dermanura_watsoni,Chiroptera,Phyllostomidae,Dermanura,watsoni,,,,,,,,,
Desmodus_draculae,Chiroptera,Phyllostomidae,Desmodus,draculae,,,,,,,,,
Desmodus_puntajudensis,Chiroptera,Phyllostomidae,Desmodus,puntajudensis,,,,,,,,,
Desmodus_rotundus,Chiroptera,Phyllostomidae,Desmodus,rotundus,,Y,1,1,1,,,,
Desmodus_stocki,Chiroptera,Phyllostomidae,Desmodus,stocki,,,,,,,,,
Diaemus_youngi,Chiroptera,Phyllostomidae,Diaemus,youngi,,,,,,,,,
Diphylla_ecaudata,Chiroptera,Phyllostomidae,Diphylla,ecaudata,,,,,,,,,
Ectophylla_alba,Chiroptera,Phyllostomidae,Ectophylla,alba,,,,,,,,,
Enchisthenes_hartii,Chiroptera,Phyllostomidae,Enchisthenes,hartii,,,,,,,,,
Erophylla_bombifrons,Chiroptera,Phyllostomidae,Erophylla,bombifrons,,,,,,,,,
Erophylla_sezekorni,Chiroptera,Phyllostomidae,Erophylla,sezekorni,,,,,,,,,
Glossophaga_commissarisi,Chiroptera,Phyllostomidae,Glossophaga,commissarisi,,,,,,,,,
Glossophaga_leachii,Chiroptera,Phyllostomidae,Glossophaga,leachii,,,,,,,,,
Glossophaga_longirostris,Chiroptera,Phyllostomidae,Glossophaga,longirostris,,Y,0,0,0,,,,
Glossophaga_morenoi,Chiroptera,Phyllostomidae,Glossophaga,morenoi,,,,,,,,,
Glossophaga_soricina,Chiroptera,Phyllostomidae,Glossophaga,soricina,,Y,0,0,0,,,,
Glyphonycteris_behnii,Chiroptera,Phyllostomidae,Glyphonycteris,behnii,,,,,,,,,
Glyphonycteris_daviesi,Chiroptera,Phyllostomidae,Glyphonycteris,daviesi,,,,,,,,,
Glyphonycteris_sylvestris,Chiroptera,Phyllostomidae,Glyphonycteris,sylvestris,,,,,,,,,
Hylonycteris_underwoodi,Chiroptera,Phyllostomidae,Hylonycteris,underwoodi,,,,,,,,,
Lampronycteris_brachyotis,Chiroptera,Phyllostomidae,Lampronycteris,brachyotis,,,,,,,,,
Leptonycteris_curasoae,Chiroptera,Phyllostomidae,Leptonycteris,curasoae,,,,,,,,,
Leptonycteris_nivalis,Chiroptera,Phyllostomidae,Leptonycteris,nivalis,,,,,,,,,
Leptonycteris_yerbabuenae,Chiroptera,Phyllostomidae,Leptonycteris,yerbabuenae,,Y,0,0,0,,,,
Lichonycteris_obscura,Chiroptera,Phyllostomidae,Lichonycteris,obscura,,,,,,,,,
Lionycteris_spurrelli,Chiroptera,Phyllostomidae,Lionycteris,spurrelli,,,,,,,,,
Lonchophylla_bokermanni,Chiroptera,Phyllostomidae,Lonchophylla,bokermanni,,,,,,,,,
Lonchophylla_chocoana,Chiroptera,Phyllostomidae,Lonchophylla,chocoana,,,,,,,,,
Lonchophylla_concava,Chiroptera,Phyllostomidae,Lonchophylla,concava,,,,,,,,,
Lonchophylla_dekeyseri,Chiroptera,Phyllostomidae,Lonchophylla,dekeyseri,,,,,,,,,
Lonchophylla_handleyi,Chiroptera,Phyllostomidae,Lonchophylla,handleyi,,,,,,,,,
Lonchophylla_hesperia,Chiroptera,Phyllostomidae,Lonchophylla,hesperia,,,,,,,,,
Lonchophylla_mordax,Chiroptera,Phyllostomidae,Lonchophylla,mordax,,,,,,,,,
Lonchophylla_orcesi,Chiroptera,Phyllostomidae,Lonchophylla,orcesi,,,,,,,,,
Lonchophylla_robusta,Chiroptera,Phyllostomidae,Lonchophylla,robusta,,,,,,,,,
Lonchophylla_thomasi,Chiroptera,Phyllostomidae,Lonchophylla,thomasi,,,,,,,,,
Lonchorhina_aurita,Chiroptera,Phyllostomidae,Lonchorhina,aurita,,,,,,,,,
Lonchorhina_fernandezi,Chiroptera,Phyllostomidae,Lonchorhina,fernandezi,,,,,,,,,
Lonchorhina_inusitata,Chiroptera,Phyllostomidae,Lonchorhina,inusitata,,,,,,,,,
Lonchorhina_marinkellei,Chiroptera,Phyllostomidae,Lonchorhina,marinkellei,,,,,,,,,
Lonchorhina_orinocensis,Chiroptera,Phyllostomidae,Lonchorhina,orinocensis,,,,,,,,,
Lophostoma_brasiliense,Chiroptera,Phyllostomidae,Lophostoma,brasiliense,,,,,,,,,
Lophostoma_carrikeri,Chiroptera,Phyllostomidae,Lophostoma,carrikeri,,,,,,,,,
Lophostoma_evotis,Chiroptera,Phyllostomidae,Lophostoma,evotis,,,,,,,,,
Lophostoma_kalkoae,Chiroptera,Phyllostomidae,Lophostoma,kalkoae,,,,,,,,,
Lophostoma_occidentalis,Chiroptera,Phyllostomidae,Lophostoma,occidentalis,,,,,,,,,
Lophostoma_schulzi,Chiroptera,Phyllostomidae,Lophostoma,schulzi,,,,,,,,,
Lophostoma_silvicolum,Chiroptera,Phyllostomidae,Lophostoma,silvicolum,,Y,0,0,0,,,,
Macrophyllum_macrophyllum,Chiroptera,Phyllostomidae,Macrophyllum,macrophyllum,,,,,,,,,
Macrotus_californicus,Chiroptera,Phyllostomidae,Macrotus,californicus,,,,,,,,,
Macrotus_waterhousii,Chiroptera,Phyllostomidae,Macrotus,waterhousii,,Y,0,0,0,,,,
Mesophylla_macconnelli,Chiroptera,Phyllostomidae,Mesophylla,macconnelli,,,,,,,,,
Micronycteris_brosseti,Chiroptera,Phyllostomidae,Micronycteris,brosseti,,,,,,,,,
Micronycteris_buriri,Chiroptera,Phyllostomidae,Micronycteris,buriri,,,,,,,,,
Micronycteris_giovanniae,Chiroptera,Phyllostomidae,Micronycteris,giovanniae,,,,,,,,,
Micronycteris_hirsuta,Chiroptera,Phyllostomidae,Micronycteris,hirsuta,,,,,,,,,
Micronycteris_matses,Chiroptera,Phyllostomidae,Micronycteris,matses,,,,,,,,,
Micronycteris_megalotis,Chiroptera,Phyllostomidae,Micronycteris,megalotis,,,,,,,,,
Micronycteris_microtis,Chiroptera,Phyllostomidae,Micronycteris,microtis,,,,,,,,,
Micronycteris_minuta,Chiroptera,Phyllostomidae,Micronycteris,minuta,,,,,,,,,
Micronycteris_sanborni,Chiroptera,Phyllostomidae,Micronycteris,sanborni,,,,,,,,,
Micronycteris_schmidtorum,Chiroptera,Phyllostomidae,Micronycteris,schmidtorum,,,,,,,,,
Mimon_bennettii,Chiroptera,Phyllostomidae,Mimon,bennettii,,,,,,,,,
Mimon_cozumelae,Chiroptera,Phyllostomidae,Mimon,cozumelae,,,,,,,,,
Mimon_crenulatum,Chiroptera,Phyllostomidae,Mimon,crenulatum,,,,,,,,,
Mimon_koepckeae,Chiroptera,Phyllostomidae,Mimon,koepckeae,,,,,,,,,
Monophyllus_plethodon,Chiroptera,Phyllostomidae,Monophyllus,plethodon,,,,,,,,,
Monophyllus_redmani,Chiroptera,Phyllostomidae,Monophyllus,redmani,,,,,,,,,
Musonycteris_harrisoni,Chiroptera,Phyllostomidae,Musonycteris,harrisoni,,,,,,,,,
Neonycteris_pusilla,Chiroptera,Phyllostomidae,Neonycteris,pusilla,,,,,,,,,
Phylloderma_stenops,Chiroptera,Phyllostomidae,Phylloderma,stenops,,,,,,,,,
Phyllonycteris_aphylla,Chiroptera,Phyllostomidae,Phyllonycteris,aphylla,,,,,,,,,
Phyllonycteris_major,Chiroptera,Phyllostomidae,Phyllonycteris,major,,,,,,,,,
Phyllonycteris_poeyi,Chiroptera,Phyllostomidae,Phyllonycteris,poeyi,,Y,0,0,0,,,,
Phyllops_falcatus,Chiroptera,Phyllostomidae,Phyllops,falcatus,,,,,,,,,
Phyllops_silvai,Chiroptera,Phyllostomidae,Phyllops,silvai,,,,,,,,,
Phyllostomus_discolor,Chiroptera,Phyllostomidae,Phyllostomus,discolor,,,,,,,,,
Phyllostomus_elongatus,Chiroptera,Phyllostomidae,Phyllostomus,elongatus,,,,,,,,,
Phyllostomus_hastatus,Chiroptera,Phyllostomidae,Phyllostomus,hastatus,,Y,0,0,0,,,,
Phyllostomus_latifolius,Chiroptera,Phyllostomidae,Phyllostomus,latifolius,,,,,,,,,
Platalina_genovensium,Chiroptera,Phyllostomidae,Platalina,genovensium,,,,,,,,,
Platyrrhinus_albericoi,Chiroptera,Phyllostomidae,Platyrrhinus,albericoi,,,,,,,,,
Platyrrhinus_aquilus,Chiroptera,Phyllostomidae,Platyrrhinus,aquilus,,,,,,,,,
Platyrrhinus_aurarius,Chiroptera,Phyllostomidae,Platyrrhinus,aurarius,,,,,,,,,
Platyrrhinus_brachycephalus,Chiroptera,Phyllostomidae,Platyrrhinus,brachycephalus,,,,,,,,,
Platyrrhinus_chocoensis,Chiroptera,Phyllostomidae,Platyrrhinus,chocoensis,,,,,,,,,
Platyrrhinus_dorsalis,Chiroptera,Phyllostomidae,Platyrrhinus,dorsalis,,,,,,,,,
Platyrrhinus_helleri,Chiroptera,Phyllostomidae,Platyrrhinus,helleri,,,,,,,,,
Platyrrhinus_infuscus,Chiroptera,Phyllostomidae,Platyrrhinus,infuscus,,,,,,,,,
Platyrrhinus_ismaeli,Chiroptera,Phyllostomidae,Platyrrhinus,ismaeli,,,,,,,,,
Platyrrhinus_lineatus,Chiroptera,Phyllostomidae,Platyrrhinus,lineatus,,,,,,,,,
Platyrrhinus_masu,Chiroptera,Phyllostomidae,Platyrrhinus,masu,,,,,,,,,
Platyrrhinus_matapalensis,Chiroptera,Phyllostomidae,Platyrrhinus,matapalensis,,,,,,,,,
Platyrrhinus_nigellus,Chiroptera,Phyllostomidae,Platyrrhinus,nigellus,,,,,,,,,
Platyrrhinus_nitelinea,Chiroptera,Phyllostomidae,Platyrrhinus,nitelinea,,,,,,,,,
Platyrrhinus_recifinus,Chiroptera,Phyllostomidae,Platyrrhinus,recifinus,,,,,,,,,
Platyrrhinus_umbratus,Chiroptera,Phyllostomidae,Platyrrhinus,umbratus,,,,,,,,,
Platyrrhinus_vittatus,Chiroptera,Phyllostomidae,Platyrrhinus,vittatus,,,,,,,,,
Pygoderma_bilabiatum,Chiroptera,Phyllostomidae,Pygoderma,bilabiatum,,,,,,,,,
Rhinophylla_alethina,Chiroptera,Phyllostomidae,Rhinophylla,alethina,,,,,,,,,
Rhinophylla_fischerae,Chiroptera,Phyllostomidae,Rhinophylla,fischerae,,,,,,,,,
Rhinophylla_pumilio,Chiroptera,Phyllostomidae,Rhinophylla,pumilio,,,,,,,,,
Scleronycteris_ega,Chiroptera,Phyllostomidae,Scleronycteris,ega,,,,,,,,,
Sphaeronycteris_toxophyllum,Chiroptera,Phyllostomidae,Sphaeronycteris,toxophyllum,,,,,,,,,
Stenoderma_rufum,Chiroptera,Phyllostomidae,Stenoderma,rufum,,,,,,,,,
Sturnira_aratathomasi,Chiroptera,Phyllostomidae,Sturnira,aratathomasi,,,,,,,,,
Sturnira_bidens,Chiroptera,Phyllostomidae,Sturnira,bidens,,,,,,,,,
Sturnira_bogotensis,Chiroptera,Phyllostomidae,Sturnira,bogotensis,,,,,,,,,
Sturnira_erythromos,Chiroptera,Phyllostomidae,Sturnira,erythromos,,,,,,,,,
Sturnira_koopmanhilli,Chiroptera,Phyllostomidae,Sturnira,koopmanhilli,,,,,,,,,
Sturnira_lilium,Chiroptera,Phyllostomidae,Sturnira,lilium,,,,,,,,,
Sturnira_ludovici,Chiroptera,Phyllostomidae,Sturnira,ludovici,,,,,,,,,
Sturnira_luisi,Chiroptera,Phyllostomidae,Sturnira,luisi,,,,,,,,,
Sturnira_magna,Chiroptera,Phyllostomidae,Sturnira,magna,,,,,,,,,
Sturnira_mistratensis,Chiroptera,Phyllostomidae,Sturnira,mistratensis,,,,,,,,,
Sturnira_mordax,Chiroptera,Phyllostomidae,Sturnira,mordax,,,,,,,,,
Sturnira_nana,Chiroptera,Phyllostomidae,Sturnira,nana,,,,,,,,,
Sturnira_oporaphilum,Chiroptera,Phyllostomidae,Sturnira,oporaphilum,,,,,,,,,
Sturnira_perla,Chiroptera,Phyllostomidae,Sturnira,perla,,,,,,,,,
Sturnira_sorianoi,Chiroptera,Phyllostomidae,Sturnira,sorianoi,,,,,,,,,
Sturnira_tildae,Chiroptera,Phyllostomidae,Sturnira,tildae,,,,,,,,,
Tonatia_bidens,Chiroptera,Phyllostomidae,Tonatia,bidens,,,,,,,,,
Tonatia_saurophila,Chiroptera,Phyllostomidae,Tonatia,saurophila,,,,,,,,,
Trachops_cirrhosus,Chiroptera,Phyllostomidae,Trachops,cirrhosus,,,,,,,,,
Trinycteris_nicefori,Chiroptera,Phyllostomidae,Trinycteris,nicefori,,,,,,,,,
Uroderma_bilobatum,Chiroptera,Phyllostomidae,Uroderma,bilobatum,,,,,,,,,
Uroderma_magnirostrum,Chiroptera,Phyllostomidae,Uroderma,magnirostrum,,,,,,,,,
Vampyressa_melissa,Chiroptera,Phyllostomidae,Vampyressa,melissa,,,,,,,,,
Vampyressa_pusilla,Chiroptera,Phyllostomidae,Vampyressa,pusilla,,,,,,,,,
Vampyressa_thyone,Chiroptera,Phyllostomidae,Vampyressa,thyone,,,,,,,,,
Vampyriscus_bidens,Chiroptera,Phyllostomidae,Vampyriscus,bidens,,,,,,,,,
Vampyriscus_brocki,Chiroptera,Phyllostomidae,Vampyriscus,brocki,,,,,,,,,
Vampyriscus_nymphaea,Chiroptera,Phyllostomidae,Vampyriscus,nymphaea,,,,,,,,,
Vampyrodes_caraccioli,Chiroptera,Phyllostomidae,Vampyrodes,caraccioli,,,,,,,,,
Vampyrodes_major,Chiroptera,Phyllostomidae,Vampyrodes,major,,,,,,,,,
Vampyrum_spectrum,Chiroptera,Phyllostomidae,Vampyrum,spectrum,,,,,,,,,
Xeronycteris_vieirai,Chiroptera,Phyllostomidae,Xeronycteris,vieirai,,,,,,,,,
Thyroptera_devivoi,Chiroptera,Thyropteridae,Thyroptera,devivoi,,,,,,,,,
Thyroptera_discifera,Chiroptera,Thyropteridae,Thyroptera,discifera,,,,,,,,,
Thyroptera_lavali,Chiroptera,Thyropteridae,Thyroptera,lavali,,,,,,,,,
Thyroptera_tricolor,Chiroptera,Thyropteridae,Thyroptera,tricolor,,,,,,,,,
Thyroptera_wynneae,Chiroptera,Thyropteridae,Thyroptera,wynneae,,,,,,,,,
Cistugo_lesueuri,Chiroptera,Cistugidae,Cistugo,lesueuri,,,,,,,,,
Cistugo_seabrae,Chiroptera,Cistugidae,Cistugo,seabrae,,,,,,,,,
Miniopterus_africanus,Chiroptera,Miniopteridae,Miniopterus,africanus,,,,,,,,,
Miniopterus_australis,Chiroptera,Miniopteridae,Miniopterus,australis,,,,,,,,,
Miniopterus_fraterculus,Chiroptera,Miniopteridae,Miniopterus,fraterculus,,,,,,,,,
Miniopterus_fuscus,Chiroptera,Miniopteridae,Miniopterus,fuscus,,,,,,,,,
Miniopterus_gleni,Chiroptera,Miniopteridae,Miniopterus,gleni,,,,,,,,,
Miniopterus_griveaudi,Chiroptera,Miniopteridae,Miniopterus,griveaudi,,,,,,,,,
Miniopterus_inflatus,Chiroptera,Miniopteridae,Miniopterus,inflatus,,,,,,,,,
Miniopterus_macrocneme,Chiroptera,Miniopteridae,Miniopterus,macrocneme,,,,,,,,,
Miniopterus_magnater,Chiroptera,Miniopteridae,Miniopterus,magnater,,,,,,,,,
Miniopterus_majori,Chiroptera,Miniopteridae,Miniopterus,majori,,,,,,,,,
Miniopterus_manavi,Chiroptera,Miniopteridae,Miniopterus,manavi,,,,,,,,,
Miniopterus_medius,Chiroptera,Miniopteridae,Miniopterus,medius,,,,,,,,,
Miniopterus_minor,Chiroptera,Miniopteridae,Miniopterus,minor,,,,,,,,,
Miniopterus_natalensis,Chiroptera,Miniopteridae,Miniopterus,natalensis,,,,,,,,,
Miniopterus_newtoni,Chiroptera,Miniopteridae,Miniopterus,newtoni,,,,,,,,,
Miniopterus_paululus,Chiroptera,Miniopteridae,Miniopterus,paululus,,,,,,,,,
Miniopterus_petersoni,Chiroptera,Miniopteridae,Miniopterus,petersoni,,,,,,,,,
Miniopterus_pusillus,Chiroptera,Miniopteridae,Miniopterus,pusillus,,,,,,,,,
Miniopterus_robustior,Chiroptera,Miniopteridae,Miniopterus,robustior,,,,,,,,,
Miniopterus_schreibersii,Chiroptera,Miniopteridae,Miniopterus,schreibersii,,Y,0,1,1,,,,
Miniopterus_shortridgei,Chiroptera,Miniopteridae,Miniopterus,shortridgei,,,,,,,,,
Miniopterus_sororculus,Chiroptera,Miniopteridae,Miniopterus,sororculus,,,,,,,,,
Miniopterus_tristis,Chiroptera,Miniopteridae,Miniopterus,tristis,,,,,,,,,
Austronomus_australis,Chiroptera,Molossidae,Austronomus,australis,,Y,0,0,0,,,,
Austronomus_kuboriensis,Chiroptera,Molossidae,Austronomus,kuboriensis,,,,,,,,,
Chaerephon_aloysiisabaudiae,Chiroptera,Molossidae,Chaerephon,aloysiisabaudiae,,,,,,,,,
Chaerephon_ansorgei,Chiroptera,Molossidae,Chaerephon,ansorgei,,,,,,,,,
Chaerephon_bemmeleni,Chiroptera,Molossidae,Chaerephon,bemmeleni,,,,,,,,,
Chaerephon_bivittatus,Chiroptera,Molossidae,Chaerephon,bivittatus,,,,,,,,,
Chaerephon_bregullae,Chiroptera,Molossidae,Chaerephon,bregullae,,,,,,,,,
Chaerephon_chapini,Chiroptera,Molossidae,Chaerephon,chapini,,,,,,,,,
Chaerephon_gallagheri,Chiroptera,Molossidae,Chaerephon,gallagheri,,,,,,,,,
Chaerephon_jobensis,Chiroptera,Molossidae,Chaerephon,jobensis,,,,,,,,,
Chaerephon_jobimena,Chiroptera,Molossidae,Chaerephon,jobimena,,,,,,,,,
Chaerephon_johorensis,Chiroptera,Molossidae,Chaerephon,johorensis,,,,,,,,,
Chaerephon_major,Chiroptera,Molossidae,Chaerephon,major,,,,,,,,,
Chaerephon_nigeriae,Chiroptera,Molossidae,Chaerephon,nigeriae,,,,,,,,,
Chaerephon_plicatus,Chiroptera,Molossidae,Chaerephon,plicatus,,Y,0,0,0,,,,
Chaerephon_pumilus,Chiroptera,Molossidae,Chaerephon,pumilus,,,,,,,,,
Chaerephon_russatus,Chiroptera,Molossidae,Chaerephon,russatus,,,,,,,,,
Chaerephon_solomonis,Chiroptera,Molossidae,Chaerephon,solomonis,,,,,,,,,
Chaerephon_tomensis,Chiroptera,Molossidae,Chaerephon,tomensis,,,,,,,,,
Cheiromeles_parvidens,Chiroptera,Molossidae,Cheiromeles,parvidens,,,,,,,,,
Cheiromeles_torquatus,Chiroptera,Molossidae,Cheiromeles,torquatus,,,,,,,,,
Cynomops_abrasus,Chiroptera,Molossidae,Cynomops,abrasus,,,,,,,,,
Cynomops_greenhalli,Chiroptera,Molossidae,Cynomops,greenhalli,,,,,,,,,
Cynomops_mexicanus,Chiroptera,Molossidae,Cynomops,mexicanus,,,,,,,,,
Cynomops_milleri,Chiroptera,Molossidae,Cynomops,milleri,,,,,,,,,
Cynomops_paranus,Chiroptera,Molossidae,Cynomops,paranus,,,,,,,,,
Cynomops_planirostris,Chiroptera,Molossidae,Cynomops,planirostris,,,,,,,,,
Eumops_auripendulus,Chiroptera,Molossidae,Eumops,auripendulus,,,,,,,,,
Eumops_bonariensis,Chiroptera,Molossidae,Eumops,bonariensis,,Y,0,0,0,,,,
Eumops_dabbenei,Chiroptera,Molossidae,Eumops,dabbenei,,,,,,,,,
Eumops_floridanus,Chiroptera,Molossidae,Eumops,floridanus,,,,,,,,,
Eumops_glaucinus,Chiroptera,Molossidae,Eumops,glaucinus,,,,,,,,,
Eumops_hansae,Chiroptera,Molossidae,Eumops,hansae,,,,,,,,,
Eumops_maurus,Chiroptera,Molossidae,Eumops,maurus,,,,,,,,,
Eumops_patagonicus,Chiroptera,Molossidae,Eumops,patagonicus,,,,,,,,,
Eumops_perotis,Chiroptera,Molossidae,Eumops,perotis,,Y,0,0,0,,,,
Eumops_trumbulli,Chiroptera,Molossidae,Eumops,trumbulli,,,,,,,,,
Eumops_underwoodi,Chiroptera,Molossidae,Eumops,underwoodi,,,,,,,,,
Eumops_wilsoni,Chiroptera,Molossidae,Eumops,wilsoni,,,,,,,,,
Molossops_aequatorianus,Chiroptera,Molossidae,Molossops,aequatorianus,,,,,,,,,
Molossops_mattogrossensis,Chiroptera,Molossidae,Molossops,mattogrossensis,,,,,,,,,
Molossops_neglectus,Chiroptera,Molossidae,Molossops,neglectus,,,,,,,,,
Molossops_temminckii,Chiroptera,Molossidae,Molossops,temminckii,,,,,,,,,
Molossus_alvarezi,Chiroptera,Molossidae,Molossus,alvarezi,,,,,,,,,
Molossus_aztecus,Chiroptera,Molossidae,Molossus,aztecus,,,,,,,,,
Molossus_coibensis,Chiroptera,Molossidae,Molossus,coibensis,,,,,,,,,
Molossus_currentium,Chiroptera,Molossidae,Molossus,currentium,,,,,,,,,
Molossus_molossus,Chiroptera,Molossidae,Molossus,molossus,,Y,0,0,0,,,,
Molossus_pretiosus,Chiroptera,Molossidae,Molossus,pretiosus,,,,,,,,,
Molossus_rufus,Chiroptera,Molossidae,Molossus,rufus,,Y,0,0,0,,,,
Molossus_sinaloae,Chiroptera,Molossidae,Molossus,sinaloae,,,,,,,,,
Mops_brachypterus,Chiroptera,Molossidae,Mops,brachypterus,,,,,,,,,
Mops_condylurus,Chiroptera,Molossidae,Mops,condylurus,,,,,,,,,
Mops_congicus,Chiroptera,Molossidae,Mops,congicus,,,,,,,,,
Mops_demonstrator,Chiroptera,Molossidae,Mops,demonstrator,,,,,,,,,
Mops_leucostigma,Chiroptera,Molossidae,Mops,leucostigma,,,,,,,,,
Mops_midas,Chiroptera,Molossidae,Mops,midas,,Y,0,0,0,,,,
Mops_mops,Chiroptera,Molossidae,Mops,mops,,,,,,,,,
Mops_nanulus,Chiroptera,Molossidae,Mops,nanulus,,,,,,,,,
Mops_niangarae,Chiroptera,Molossidae,Mops,niangarae,,,,,,,,,
Mops_niveiventer,Chiroptera,Molossidae,Mops,niveiventer,,,,,,,,,
Mops_petersoni,Chiroptera,Molossidae,Mops,petersoni,,,,,,,,,
Mops_sarasinorum,Chiroptera,Molossidae,Mops,sarasinorum,,,,,,,,,
Mops_spurrelli,Chiroptera,Molossidae,Mops,spurrelli,,,,,,,,,
Mops_thersites,Chiroptera,Molossidae,Mops,thersites,,,,,,,,,
Mops_trevori,Chiroptera,Molossidae,Mops,trevori,,,,,,,,,
Mormopterus_acetabulosus,Chiroptera,Molossidae,Mormopterus,acetabulosus,,Y,0,0,0,,,,
Mormopterus_beccarii,Chiroptera,Molossidae,Mormopterus,beccarii,,,,,,,,,
Mormopterus_doriae,Chiroptera,Molossidae,Mormopterus,doriae,,,,,,,,,
Mormopterus_jugularis,Chiroptera,Molossidae,Mormopterus,jugularis,,,,,,,,,
Mormopterus_kalinowskii,Chiroptera,Molossidae,Mormopterus,kalinowskii,,,,,,,,,
Mormopterus_loriae,Chiroptera,Molossidae,Mormopterus,loriae,,,,,,,,,
Mormopterus_minutus,Chiroptera,Molossidae,Mormopterus,minutus,,,,,,,,,
Mormopterus_norfolkensis,Chiroptera,Molossidae,Mormopterus,norfolkensis,,,,,,,,,
Mormopterus_phrudus,Chiroptera,Molossidae,Mormopterus,phrudus,,,,,,,,,
Mormopterus_planiceps,Chiroptera,Molossidae,Mormopterus,planiceps,,,,,,,,,
Myopterus_daubentonii,Chiroptera,Molossidae,Myopterus,daubentonii,,,,,,,,,
Myopterus_whitleyi,Chiroptera,Molossidae,Myopterus,whitleyi,,,,,,,,,
Nyctinomops_aurispinosus,Chiroptera,Molossidae,Nyctinomops,aurispinosus,,,,,,,,,
Nyctinomops_femorosaccus,Chiroptera,Molossidae,Nyctinomops,femorosaccus,,Y,0,0,0,,,,
Nyctinomops_laticaudatus,Chiroptera,Molossidae,Nyctinomops,laticaudatus,,,,,,,,,
Nyctinomops_macrotis,Chiroptera,Molossidae,Nyctinomops,macrotis,,Y,0,0,0,,,,
Otomops_formosus,Chiroptera,Molossidae,Otomops,formosus,,,,,,,,,
Otomops_johnstonei,Chiroptera,Molossidae,Otomops,johnstonei,,,,,,,,,
Otomops_madagascariensis,Chiroptera,Molossidae,Otomops,madagascariensis,,,,,,,,,
Otomops_martiensseni,Chiroptera,Molossidae,Otomops,martiensseni,,,,,,,,,
Otomops_papuensis,Chiroptera,Molossidae,Otomops,papuensis,,,,,,,,,
Otomops_secundus,Chiroptera,Molossidae,Otomops,secundus,,,,,,,,,
Otomops_wroughtoni,Chiroptera,Molossidae,Otomops,wroughtoni,,,,,,,,,
Platymops_setiger,Chiroptera,Molossidae,Platymops,setiger,,,,,,,,,
Promops_centralis,Chiroptera,Molossidae,Promops,centralis,,,,,,,,,
Promops_davisoni,Chiroptera,Molossidae,Promops,davisoni,,,,,,,,,
Promops_nasutus,Chiroptera,Molossidae,Promops,nasutus,,,,,,,,,
Sauromys_petrophilus,Chiroptera,Molossidae,Sauromys,petrophilus,,,,,,,,,
Tadarida_aegyptiaca,Chiroptera,Molossidae,Tadarida,aegyptiaca,,,,,,,,,
Tadarida_brasiliensis,Chiroptera,Molossidae,Tadarida,brasiliensis,,Y,0,0,0,,,,
Tadarida_fulminans,Chiroptera,Molossidae,Tadarida,fulminans,,,,,,,,,
Tadarida_insignis,Chiroptera,Molossidae,Tadarida,insignis,,,,,,,,,
Tadarida_latouchei,Chiroptera,Molossidae,Tadarida,latouchei,,,,,,,,,
Tadarida_lobata,Chiroptera,Molossidae,Tadarida,lobata,,,,,,,,,
Tadarida_teniotis,Chiroptera,Molossidae,Tadarida,teniotis,,Y,0,0,0,,,,
Tadarida_ventralis,Chiroptera,Molossidae,Tadarida,ventralis,,,,,,,,,
Tomopeas_ravus,Chiroptera,Molossidae,Tomopeas,ravus,,,,,,,,,
Chilonatalus_micropus,Chiroptera,Natalidae,Chilonatalus,micropus,,,,,,,,,
Chilonatalus_tumidifrons,Chiroptera,Natalidae,Chilonatalus,tumidifrons,,,,,,,,,
Natalus_espiritosantensis,Chiroptera,Natalidae,Natalus,espiritosantensis,,,,,,,,,
Natalus_jamaicensis,Chiroptera,Natalidae,Natalus,jamaicensis,,,,,,,,,
Natalus_major,Chiroptera,Natalidae,Natalus,major,,,,,,,,,
Natalus_mexicanus,Chiroptera,Natalidae,Natalus,mexicanus,,,,,,,,,
Natalus_primus,Chiroptera,Natalidae,Natalus,primus,,,,,,,,,
Natalus_stramineus,Chiroptera,Natalidae,Natalus,stramineus,,,,,,,,,
Natalus_tumidirostris,Chiroptera,Natalidae,Natalus,tumidirostris,,,,,,,,,
Nyctiellus_lepidus,Chiroptera,Natalidae,Nyctiellus,lepidus,,,,,,,,,
Antrozous_pallidus,Chiroptera,Vespertilionidae,Antrozous,pallidus,,Y,0,0,0,,,,
Arielulus_aureocollaris,Chiroptera,Vespertilionidae,Arielulus,aureocollaris,,,,,,,,,
Arielulus_circumdatus,Chiroptera,Vespertilionidae,Arielulus,circumdatus,,,,,,,,,
Arielulus_cuprosus,Chiroptera,Vespertilionidae,Arielulus,cuprosus,,,,,,,,,
Arielulus_societatis,Chiroptera,Vespertilionidae,Arielulus,societatis,,,,,,,,,
Arielulus_torquatus,Chiroptera,Vespertilionidae,Arielulus,torquatus,,,,,,,,,
Barbastella_barbastellus,Chiroptera,Vespertilionidae,Barbastella,barbastellus,,Y,0,1,1,,,,
Barbastella_leucomelas,Chiroptera,Vespertilionidae,Barbastella,leucomelas,,,,,,,,,
Bauerus_dubiaquercus,Chiroptera,Vespertilionidae,Bauerus,dubiaquercus,,,,,,,,,
Chalinolobus_dwyeri,Chiroptera,Vespertilionidae,Chalinolobus,dwyeri,,,,,,,,,
Chalinolobus_gouldii,Chiroptera,Vespertilionidae,Chalinolobus,gouldii,,Y,0,0,0,,,,
Chalinolobus_morio,Chiroptera,Vespertilionidae,Chalinolobus,morio,,,,,,,,,
Chalinolobus_neocaledonicus,Chiroptera,Vespertilionidae,Chalinolobus,neocaledonicus,,,,,,,,,
Chalinolobus_nigrogriseus,Chiroptera,Vespertilionidae,Chalinolobus,nigrogriseus,,,,,,,,,
Chalinolobus_picatus,Chiroptera,Vespertilionidae,Chalinolobus,picatus,,,,,,,,,
Chalinolobus_tuberculatus,Chiroptera,Vespertilionidae,Chalinolobus,tuberculatus,,,,,,,,,
Corynorhinus_mexicanus,Chiroptera,Vespertilionidae,Corynorhinus,mexicanus,,,,,,,,,
Corynorhinus_rafinesquii,Chiroptera,Vespertilionidae,Corynorhinus,rafinesquii,,Y,0,1,1,,,,
Corynorhinus_townsendii,Chiroptera,Vespertilionidae,Corynorhinus,townsendii,,Y,0,0,0,,,,
Eptesicus_andinus,Chiroptera,Vespertilionidae,Eptesicus,andinus,,,,,,,,,
Eptesicus_bobrinskoi,Chiroptera,Vespertilionidae,Eptesicus,bobrinskoi,,,,,,,,,
Eptesicus_bottae,Chiroptera,Vespertilionidae,Eptesicus,bottae,,,,,,,,,
Eptesicus_brasiliensis,Chiroptera,Vespertilionidae,Eptesicus,brasiliensis,,,,,,,,,
Eptesicus_chiriquinus,Chiroptera,Vespertilionidae,Eptesicus,chiriquinus,,,,,,,,,
Eptesicus_diminutus,Chiroptera,Vespertilionidae,Eptesicus,diminutus,,,,,,,,,
Eptesicus_dimissus,Chiroptera,Vespertilionidae,Eptesicus,dimissus,,,,,,,,,
Eptesicus_floweri,Chiroptera,Vespertilionidae,Eptesicus,floweri,,,,,,,,,
Eptesicus_furinalis,Chiroptera,Vespertilionidae,Eptesicus,furinalis,,,,,,,,,
Eptesicus_fuscus,Chiroptera,Vespertilionidae,Eptesicus,fuscus,,Y,0,0,0,,,,
Eptesicus_gobiensis,Chiroptera,Vespertilionidae,Eptesicus,gobiensis,,,,,,,,,
Eptesicus_guadeloupensis,Chiroptera,Vespertilionidae,Eptesicus,guadeloupensis,,,,,,,,,
Eptesicus_hottentotus,Chiroptera,Vespertilionidae,Eptesicus,hottentotus,,,,,,,,,
Eptesicus_innoxius,Chiroptera,Vespertilionidae,Eptesicus,innoxius,,,,,,,,,
Eptesicus_isabellinus,Chiroptera,Vespertilionidae,Eptesicus,isabellinus,,,,,,,,,
Eptesicus_japonensis,Chiroptera,Vespertilionidae,Eptesicus,japonensis,,,,,,,,,
Eptesicus_nasutus,Chiroptera,Vespertilionidae,Eptesicus,nasutus,,,,,,,,,
Eptesicus_nilssonii,Chiroptera,Vespertilionidae,Eptesicus,nilssonii,,Y,0,0,0,,,,
Eptesicus_pachyotis,Chiroptera,Vespertilionidae,Eptesicus,pachyotis,,,,,,,,,
Eptesicus_platyops,Chiroptera,Vespertilionidae,Eptesicus,platyops,,,,,,,,,
Eptesicus_serotinus,Chiroptera,Vespertilionidae,Eptesicus,serotinus,,Y,0,1,1,,,,
Eptesicus_tatei,Chiroptera,Vespertilionidae,Eptesicus,tatei,,,,,,,,,
Euderma_maculatum,Chiroptera,Vespertilionidae,Euderma,maculatum,,,,,,,,,
Eudiscopus_denticulus,Chiroptera,Vespertilionidae,Eudiscopus,denticulus,,,,,,,,,
Falsistrellus_affinis,Chiroptera,Vespertilionidae,Falsistrellus,affinis,,,,,,,,,
Falsistrellus_mackenziei,Chiroptera,Vespertilionidae,Falsistrellus,mackenziei,,,,,,,,,
Falsistrellus_mordax,Chiroptera,Vespertilionidae,Falsistrellus,mordax,,,,,,,,,
Falsistrellus_petersi,Chiroptera,Vespertilionidae,Falsistrellus,petersi,,,,,,,,,
Falsistrellus_tasmaniensis,Chiroptera,Vespertilionidae,Falsistrellus,tasmaniensis,,,,,,,,,
Glauconycteris_alboguttata,Chiroptera,Vespertilionidae,Glauconycteris,alboguttata,,,,,,,,,
Glauconycteris_argentata,Chiroptera,Vespertilionidae,Glauconycteris,argentata,,,,,,,,,
Glauconycteris_beatrix,Chiroptera,Vespertilionidae,Glauconycteris,beatrix,,,,,,,,,
Glauconycteris_curryae,Chiroptera,Vespertilionidae,Glauconycteris,curryae,,,,,,,,,
Glauconycteris_egeria,Chiroptera,Vespertilionidae,Glauconycteris,egeria,,,,,,,,,
Glauconycteris_gleni,Chiroptera,Vespertilionidae,Glauconycteris,gleni,,,,,,,,,
Glauconycteris_humeralis,Chiroptera,Vespertilionidae,Glauconycteris,humeralis,,,,,,,,,
Glauconycteris_kenyacola,Chiroptera,Vespertilionidae,Glauconycteris,kenyacola,,,,,,,,,
Glauconycteris_machadoi,Chiroptera,Vespertilionidae,Glauconycteris,machadoi,,,,,,,,,
Glauconycteris_poensis,Chiroptera,Vespertilionidae,Glauconycteris,poensis,,,,,,,,,
Glauconycteris_superba,Chiroptera,Vespertilionidae,Glauconycteris,superba,,,,,,,,,
Glauconycteris_variegata,Chiroptera,Vespertilionidae,Glauconycteris,variegata,,,,,,,,,
Glischropus_javanus,Chiroptera,Vespertilionidae,Glischropus,javanus,,,,,,,,,
Glischropus_tylopus,Chiroptera,Vespertilionidae,Glischropus,tylopus,,,,,,,,,
Harpiocephalus_harpia,Chiroptera,Vespertilionidae,Harpiocephalus,harpia,,,,,,,,,
Harpiola_grisea,Chiroptera,Vespertilionidae,Harpiola,grisea,,,,,,,,,
Harpiola_isodon,Chiroptera,Vespertilionidae,Harpiola,isodon,,,,,,,,,
Hesperoptenus_blanfordi,Chiroptera,Vespertilionidae,Hesperoptenus,blanfordi,,,,,,,,,
Hesperoptenus_doriae,Chiroptera,Vespertilionidae,Hesperoptenus,doriae,,,,,,,,,
Hesperoptenus_gaskelli,Chiroptera,Vespertilionidae,Hesperoptenus,gaskelli,,,,,,,,,
Hesperoptenus_tickelli,Chiroptera,Vespertilionidae,Hesperoptenus,tickelli,,,,,,,,,
Hesperoptenus_tomesi,Chiroptera,Vespertilionidae,Hesperoptenus,tomesi,,,,,,,,,
Histiotus_alienus,Chiroptera,Vespertilionidae,Histiotus,alienus,,,,,,,,,
Histiotus_humboldti,Chiroptera,Vespertilionidae,Histiotus,humboldti,,,,,,,,,
Histiotus_laephotis,Chiroptera,Vespertilionidae,Histiotus,laephotis,,,,,,,,,
Histiotus_macrotus,Chiroptera,Vespertilionidae,Histiotus,macrotus,,,,,,,,,
Histiotus_magellanicus,Chiroptera,Vespertilionidae,Histiotus,magellanicus,,,,,,,,,
Histiotus_montanus,Chiroptera,Vespertilionidae,Histiotus,montanus,,,,,,,,,
Histiotus_velatus,Chiroptera,Vespertilionidae,Histiotus,velatus,,,,,,,,,
Hypsugo_anthonyi,Chiroptera,Vespertilionidae,Hypsugo,anthonyi,,,,,,,,,
Hypsugo_joffrei,Chiroptera,Vespertilionidae,Hypsugo,joffrei,,,,,,,,,
Hypsugo_kitcheneri,Chiroptera,Vespertilionidae,Hypsugo,kitcheneri,,,,,,,,,
Hypsugo_lophurus,Chiroptera,Vespertilionidae,Hypsugo,lophurus,,,,,,,,,
Hypsugo_macrotis,Chiroptera,Vespertilionidae,Hypsugo,macrotis,,,,,,,,,
Hypsugo_savii,Chiroptera,Vespertilionidae,Hypsugo,savii,,Y,0,0,0,,,,
Hypsugo_vordermanni,Chiroptera,Vespertilionidae,Hypsugo,vordermanni,,,,,,,,,
Ia_io,Chiroptera,Vespertilionidae,Ia,io,,,,,,,,,
Idionycteris_phyllotis,Chiroptera,Vespertilionidae,Idionycteris,phyllotis,,,,,,,,,
Kerivoula_africana,Chiroptera,Vespertilionidae,Kerivoula,africana,,,,,,,,,
Kerivoula_agnella,Chiroptera,Vespertilionidae,Kerivoula,agnella,,,,,,,,,
Kerivoula_argentata,Chiroptera,Vespertilionidae,Kerivoula,argentata,,,,,,,,,
Kerivoula_cuprosa,Chiroptera,Vespertilionidae,Kerivoula,cuprosa,,,,,,,,,
Kerivoula_eriophora,Chiroptera,Vespertilionidae,Kerivoula,eriophora,,,,,,,,,
Kerivoula_flora,Chiroptera,Vespertilionidae,Kerivoula,flora,,,,,,,,,
Kerivoula_hardwickii,Chiroptera,Vespertilionidae,Kerivoula,hardwickii,,,,,,,,,
Kerivoula_intermedia,Chiroptera,Vespertilionidae,Kerivoula,intermedia,,,,,,,,,
Kerivoula_kachinensis,Chiroptera,Vespertilionidae,Kerivoula,kachinensis,,,,,,,,,
Kerivoula_krauensis,Chiroptera,Vespertilionidae,Kerivoula,krauensis,,,,,,,,,
Kerivoula_lanosa,Chiroptera,Vespertilionidae,Kerivoula,lanosa,,,,,,,,,
Kerivoula_lenis,Chiroptera,Vespertilionidae,Kerivoula,lenis,,,,,,,,,
Kerivoula_minuta,Chiroptera,Vespertilionidae,Kerivoula,minuta,,,,,,,,,
Kerivoula_muscina,Chiroptera,Vespertilionidae,Kerivoula,muscina,,,,,,,,,
Kerivoula_myrella,Chiroptera,Vespertilionidae,Kerivoula,myrella,,,,,,,,,
Kerivoula_papillosa,Chiroptera,Vespertilionidae,Kerivoula,papillosa,,,,,,,,,
Kerivoula_pellucida,Chiroptera,Vespertilionidae,Kerivoula,pellucida,,,,,,,,,
Kerivoula_phalaena,Chiroptera,Vespertilionidae,Kerivoula,phalaena,,,,,,,,,
Kerivoula_picta,Chiroptera,Vespertilionidae,Kerivoula,picta,,,,,,,,,
Kerivoula_smithii,Chiroptera,Vespertilionidae,Kerivoula,smithii,,,,,,,,,
Kerivoula_titania,Chiroptera,Vespertilionidae,Kerivoula,titania,,,,,,,,,
Kerivoula_whiteheadi,Chiroptera,Vespertilionidae,Kerivoula,whiteheadi,,,,,,,,,
Laephotis_angolensis,Chiroptera,Vespertilionidae,Laephotis,angolensis,,,,,,,,,
Laephotis_botswanae,Chiroptera,Vespertilionidae,Laephotis,botswanae,,,,,,,,,
Laephotis_namibensis,Chiroptera,Vespertilionidae,Laephotis,namibensis,,,,,,,,,
Laephotis_wintoni,Chiroptera,Vespertilionidae,Laephotis,wintoni,,,,,,,,,
Lasionycteris_noctivagans,Chiroptera,Vespertilionidae,Lasionycteris,noctivagans,,Y,0,0,0,,,,
Lasiurus_atratus,Chiroptera,Vespertilionidae,Lasiurus,atratus,,,,,,,,,
Lasiurus_blossevillii,Chiroptera,Vespertilionidae,Lasiurus,blossevillii,,,,,,,,,
Lasiurus_borealis,Chiroptera,Vespertilionidae,Lasiurus,borealis,,Y,0,0,0,,,,
Lasiurus_castaneus,Chiroptera,Vespertilionidae,Lasiurus,castaneus,,,,,,,,,
Lasiurus_cinereus,Chiroptera,Vespertilionidae,Lasiurus,cinereus,,Y,0,0,0,,,,
Lasiurus_degelidus,Chiroptera,Vespertilionidae,Lasiurus,degelidus,,,,,,,,,
Lasiurus_ebenus,Chiroptera,Vespertilionidae,Lasiurus,ebenus,,,,,,,,,
Lasiurus_ega,Chiroptera,Vespertilionidae,Lasiurus,ega,,Y,0,0,0,,,,
Lasiurus_egregius,Chiroptera,Vespertilionidae,Lasiurus,egregius,,,,,,,,,
Lasiurus_insularis,Chiroptera,Vespertilionidae,Lasiurus,insularis,,,,,,,,,
Lasiurus_intermedius,Chiroptera,Vespertilionidae,Lasiurus,intermedius,,,,,,,,,
Lasiurus_minor,Chiroptera,Vespertilionidae,Lasiurus,minor,,,,,,,,,
Lasiurus_pfeifferi,Chiroptera,Vespertilionidae,Lasiurus,pfeifferi,,,,,,,,,
Lasiurus_seminolus,Chiroptera,Vespertilionidae,Lasiurus,seminolus,,Y,0,0,0,,,,
Lasiurus_varius,Chiroptera,Vespertilionidae,Lasiurus,varius,,,,,,,,,
Lasiurus_xanthinus,Chiroptera,Vespertilionidae,Lasiurus,xanthinus,,Y,0,0,0,,,,
Mimetillus_moloneyi,Chiroptera,Vespertilionidae,Mimetillus,moloneyi,,,,,,,,,
Murina_aenea,Chiroptera,Vespertilionidae,Murina,aenea,,,,,,,,,
Murina_aurata,Chiroptera,Vespertilionidae,Murina,aurata,,,,,,,,,
Murina_cyclotis,Chiroptera,Vespertilionidae,Murina,cyclotis,,,,,,,,,
Murina_florium,Chiroptera,Vespertilionidae,Murina,florium,,,,,,,,,
Murina_fusca,Chiroptera,Vespertilionidae,Murina,fusca,,,,,,,,,
Murina_harrisoni,Chiroptera,Vespertilionidae,Murina,harrisoni,,,,,,,,,
Murina_hilgendorfi,Chiroptera,Vespertilionidae,Murina,hilgendorfi,,,,,,,,,
Murina_huttoni,Chiroptera,Vespertilionidae,Murina,huttoni,,,,,,,,,
Murina_leucogaster,Chiroptera,Vespertilionidae,Murina,leucogaster,,,,,,,,,
Murina_puta,Chiroptera,Vespertilionidae,Murina,puta,,,,,,,,,
Murina_rozendaali,Chiroptera,Vespertilionidae,Murina,rozendaali,,,,,,,,,
Murina_ryukyuana,Chiroptera,Vespertilionidae,Murina,ryukyuana,,,,,,,,,
Murina_suilla,Chiroptera,Vespertilionidae,Murina,suilla,,,,,,,,,
Murina_tenebrosa,Chiroptera,Vespertilionidae,Murina,tenebrosa,,,,,,,,,
Murina_tubinaris,Chiroptera,Vespertilionidae,Murina,tubinaris,,,,,,,,,
Murina_ussuriensis,Chiroptera,Vespertilionidae,Murina,ussuriensis,,,,,,,,,
Myotis_adversus,Chiroptera,Vespertilionidae,Myotis,adversus,,,,,,,,,
Myotis_aelleni,Chiroptera,Vespertilionidae,Myotis,aelleni,,,,,,,,,
Myotis_albescens,Chiroptera,Vespertilionidae,Myotis,albescens,,,,,,,,,
Myotis_alcathoe,Chiroptera,Vespertilionidae,Myotis,alcathoe,,,,,,,,,
Myotis_altarium,Chiroptera,Vespertilionidae,Myotis,altarium,,,,,,,,,
Myotis_anjouanensis,Chiroptera,Vespertilionidae,Myotis,anjouanensis,,,,,,,,,
Myotis_annamiticus,Chiroptera,Vespertilionidae,Myotis,annamiticus,,,,,,,,,
Myotis_annectans,Chiroptera,Vespertilionidae,Myotis,annectans,,,,,,,,,
Myotis_atacamensis,Chiroptera,Vespertilionidae,Myotis,atacamensis,,,,,,,,,
Myotis_ater,Chiroptera,Vespertilionidae,Myotis,ater,,,,,,,,,
Myotis_aurascens,Chiroptera,Vespertilionidae,Myotis,aurascens,,,,,,,,,
Myotis_auriculus,Chiroptera,Vespertilionidae,Myotis,auriculus,,,,,,,,,
Myotis_australis,Chiroptera,Vespertilionidae,Myotis,australis,,,,,,,,,
Myotis_austroriparius,Chiroptera,Vespertilionidae,Myotis,austroriparius,,Y,0,0,0,,,,
Myotis_bechsteinii,Chiroptera,Vespertilionidae,Myotis,bechsteinii,,Y,0,1,1,,,,
Myotis_blythii,Chiroptera,Vespertilionidae,Myotis,blythii,,Y,0,0,0,,,,
Myotis_bocagii,Chiroptera,Vespertilionidae,Myotis,bocagii,,Y,0,0,0,,,,
Myotis_bombinus,Chiroptera,Vespertilionidae,Myotis,bombinus,,,,,,,,,
Myotis_brandtii,Chiroptera,Vespertilionidae,Myotis,brandtii,,Y,0,0,0,,,,
Myotis_bucharensis,Chiroptera,Vespertilionidae,Myotis,bucharensis,,,,,,,,,
Myotis_californicus,Chiroptera,Vespertilionidae,Myotis,californicus,,Y,0,0,0,,,,
Myotis_capaccinii,Chiroptera,Vespertilionidae,Myotis,capaccinii,,Y,0,1,1,,,,
Myotis_chiloensis,Chiroptera,Vespertilionidae,Myotis,chiloensis,,,,,,,,,
Myotis_chinensis,Chiroptera,Vespertilionidae,Myotis,chinensis,,,,,,,,,
Myotis_ciliolabrum,Chiroptera,Vespertilionidae,Myotis,ciliolabrum,,Y,0,0,0,,,,
Myotis_cobanensis,Chiroptera,Vespertilionidae,Myotis,cobanensis,,,,,,,,,
Myotis_csorbai,Chiroptera,Vespertilionidae,Myotis,csorbai,,,,,,,,,
Myotis_dasycneme,Chiroptera,Vespertilionidae,Myotis,dasycneme,,Y,0,0,0,,,,
Myotis_daubentonii,Chiroptera,Vespertilionidae,Myotis,daubentonii,,Y,0,1,1,,,,
Myotis_davidii,Chiroptera,Vespertilionidae,Myotis,davidii,,,,,,,,,
Myotis_dieteri,Chiroptera,Vespertilionidae,Myotis,dieteri,,,,,,,,,
Myotis_dinellii,Chiroptera,Vespertilionidae,Myotis,dinellii,,,,,,,,,
Myotis_dominicensis,Chiroptera,Vespertilionidae,Myotis,dominicensis,,,,,,,,,
Myotis_elegans,Chiroptera,Vespertilionidae,Myotis,elegans,,,,,,,,,
Myotis_emarginatus,Chiroptera,Vespertilionidae,Myotis,emarginatus,,,,,,,,,
Myotis_evotis,Chiroptera,Vespertilionidae,Myotis,evotis,,Y,0,0,0,,,,
Myotis_fimbriatus,Chiroptera,Vespertilionidae,Myotis,fimbriatus,,,,,,,,,
Myotis_findleyi,Chiroptera,Vespertilionidae,Myotis,findleyi,,,,,,,,,
Myotis_formosus,Chiroptera,Vespertilionidae,Myotis,formosus,,,,,,,,,
Myotis_fortidens,Chiroptera,Vespertilionidae,Myotis,fortidens,,,,,,,,,
Myotis_frater,Chiroptera,Vespertilionidae,Myotis,frater,,,,,,,,,
Myotis_gomantongensis,Chiroptera,Vespertilionidae,Myotis,gomantongensis,,,,,,,,,
Myotis_goudoti,Chiroptera,Vespertilionidae,Myotis,goudoti,,,,,,,,,
Myotis_grisescens,Chiroptera,Vespertilionidae,Myotis,grisescens,,Y,0,0,0,,,,
Myotis_hajastanicus,Chiroptera,Vespertilionidae,Myotis,hajastanicus,,,,,,,,,
Myotis_hasseltii,Chiroptera,Vespertilionidae,Myotis,hasseltii,,,,,,,,,
Myotis_hermani,Chiroptera,Vespertilionidae,Myotis,hermani,,,,,,,,,
Myotis_horsfieldii,Chiroptera,Vespertilionidae,Myotis,horsfieldii,,,,,,,,,
Myotis_ikonnikovi,Chiroptera,Vespertilionidae,Myotis,ikonnikovi,,,,,,,,,
Myotis_insularum,Chiroptera,Vespertilionidae,Myotis,insularum,,,,,,,,,
Myotis_keaysi,Chiroptera,Vespertilionidae,Myotis,keaysi,,,,,,,,,
Myotis_keenii,Chiroptera,Vespertilionidae,Myotis,keenii,,Y,0,0,0,,,,
Myotis_laniger,Chiroptera,Vespertilionidae,Myotis,laniger,,,,,,,,,
Myotis_leibii,Chiroptera,Vespertilionidae,Myotis,leibii,,,,,,,,,
Myotis_levis,Chiroptera,Vespertilionidae,Myotis,levis,,,,,,,,,
Myotis_longipes,Chiroptera,Vespertilionidae,Myotis,longipes,,,,,,,,,
Myotis_lucifugus,Chiroptera,Vespertilionidae,Myotis,lucifugus,,Y,0,1,1,,,,
Myotis_macrodactylus,Chiroptera,Vespertilionidae,Myotis,macrodactylus,,,,,,,,,
Myotis_macropus,Chiroptera,Vespertilionidae,Myotis,macropus,,,,,,,,,
Myotis_macrotarsus,Chiroptera,Vespertilionidae,Myotis,macrotarsus,,,,,,,,,
Myotis_martiniquensis,Chiroptera,Vespertilionidae,Myotis,martiniquensis,,,,,,,,,
Myotis_melanorhinus,Chiroptera,Vespertilionidae,Myotis,melanorhinus,,,,,,,,,
Myotis_moluccarum,Chiroptera,Vespertilionidae,Myotis,moluccarum,,,,,,,,,
Myotis_montivagus,Chiroptera,Vespertilionidae,Myotis,montivagus,,,,,,,,,
Myotis_morrisi,Chiroptera,Vespertilionidae,Myotis,morrisi,,,,,,,,,
Myotis_muricola,Chiroptera,Vespertilionidae,Myotis,muricola,,,,,,,,,
Myotis_myotis,Chiroptera,Vespertilionidae,Myotis,myotis,,Y,0,1,1,,,,
Myotis_mystacinus,Chiroptera,Vespertilionidae,Myotis,mystacinus,,Y,0,1,1,,,,
Myotis_nattereri,Chiroptera,Vespertilionidae,Myotis,nattereri,,Y,0,1,1,,,,
Myotis_nesopolus,Chiroptera,Vespertilionidae,Myotis,nesopolus,,,,,,,,,
Myotis_nigricans,Chiroptera,Vespertilionidae,Myotis,nigricans,,,,,,,,,
Myotis_nipalensis,Chiroptera,Vespertilionidae,Myotis,nipalensis,,,,,,,,,
Myotis_nyctor,Chiroptera,Vespertilionidae,Myotis,nyctor,,,,,,,,,
Myotis_occultus,Chiroptera,Vespertilionidae,Myotis,occultus,,,,,,,,,
Myotis_oreias,Chiroptera,Vespertilionidae,Myotis,oreias,,,,,,,,,
Myotis_oxyotus,Chiroptera,Vespertilionidae,Myotis,oxyotus,,,,,,,,,
Myotis_peninsularis,Chiroptera,Vespertilionidae,Myotis,peninsularis,,,,,,,,,
Myotis_pequinius,Chiroptera,Vespertilionidae,Myotis,pequinius,,,,,,,,,
Myotis_pilosus,Chiroptera,Vespertilionidae,Myotis,pilosus,,,,,,,,,
Myotis_planiceps,Chiroptera,Vespertilionidae,Myotis,planiceps,,,,,,,,,
Myotis_pruinosus,Chiroptera,Vespertilionidae,Myotis,pruinosus,,,,,,,,,
Myotis_punicus,Chiroptera,Vespertilionidae,Myotis,punicus,,,,,,,,,
Myotis_ridleyi,Chiroptera,Vespertilionidae,Myotis,ridleyi,,,,,,,,,
Myotis_riparius,Chiroptera,Vespertilionidae,Myotis,riparius,,,,,,,,,
Myotis_rosseti,Chiroptera,Vespertilionidae,Myotis,rosseti,,,,,,,,,
Myotis_ruber,Chiroptera,Vespertilionidae,Myotis,ruber,,,,,,,,,
Myotis_rufopictus,Chiroptera,Vespertilionidae,Myotis,rufopictus,,,,,,,,,
Myotis_schaubi,Chiroptera,Vespertilionidae,Myotis,schaubi,,,,,,,,,
Myotis_scotti,Chiroptera,Vespertilionidae,Myotis,scotti,,,,,,,,,
Myotis_septentrionalis,Chiroptera,Vespertilionidae,Myotis,septentrionalis,,Y,0,0,0,,,,
Myotis_sicarius,Chiroptera,Vespertilionidae,Myotis,sicarius,,,,,,,,,
Myotis_siligorensis,Chiroptera,Vespertilionidae,Myotis,siligorensis,,,,,,,,,
Myotis_simus,Chiroptera,Vespertilionidae,Myotis,simus,,,,,,,,,
Myotis_sodalis,Chiroptera,Vespertilionidae,Myotis,sodalis,,Y,0,0,0,,,,
Myotis_stalkeri,Chiroptera,Vespertilionidae,Myotis,stalkeri,,,,,,,,,
Myotis_thysanodes,Chiroptera,Vespertilionidae,Myotis,thysanodes,,,,,,,,,
Myotis_tricolor,Chiroptera,Vespertilionidae,Myotis,tricolor,,,,,,,,,
Myotis_velifer,Chiroptera,Vespertilionidae,Myotis,velifer,,Y,0,0,0,,,,
Myotis_vivesi,Chiroptera,Vespertilionidae,Myotis,vivesi,,,,,,,,,
Myotis_volans,Chiroptera,Vespertilionidae,Myotis,volans,,Y,0,0,0,,,,
Myotis_welwitschii,Chiroptera,Vespertilionidae,Myotis,welwitschii,,,,,,,,,
Myotis_yanbarensis,Chiroptera,Vespertilionidae,Myotis,yanbarensis,,,,,,,,,
Myotis_yumanensis,Chiroptera,Vespertilionidae,Myotis,yumanensis,,Y,0,0,0,,,,
Neoromicia_brunnea,Chiroptera,Vespertilionidae,Neoromicia,brunnea,,,,,,,,,
Neoromicia_capensis,Chiroptera,Vespertilionidae,Neoromicia,capensis,,,,,,,,,
Neoromicia_flavescens,Chiroptera,Vespertilionidae,Neoromicia,flavescens,,,,,,,,,
Neoromicia_guineensis,Chiroptera,Vespertilionidae,Neoromicia,guineensis,,,,,,,,,
Neoromicia_helios,Chiroptera,Vespertilionidae,Neoromicia,helios,,,,,,,,,
Neoromicia_malagasyensis,Chiroptera,Vespertilionidae,Neoromicia,malagasyensis,,,,,,,,,
Neoromicia_matroka,Chiroptera,Vespertilionidae,Neoromicia,matroka,,,,,,,,,
Neoromicia_melckorum,Chiroptera,Vespertilionidae,Neoromicia,melckorum,,,,,,,,,
Neoromicia_nana,Chiroptera,Vespertilionidae,Neoromicia,nana,,Y,0,0,0,,,,
Neoromicia_rendalli,Chiroptera,Vespertilionidae,Neoromicia,rendalli,,,,,,,,,
Neoromicia_somalica,Chiroptera,Vespertilionidae,Neoromicia,somalica,,,,,,,,,
Neoromicia_tenuipinnis,Chiroptera,Vespertilionidae,Neoromicia,tenuipinnis,,,,,,,,,
Neoromicia_zuluensis,Chiroptera,Vespertilionidae,Neoromicia,zuluensis,,,,,,,,,
Nyctalus_aviator,Chiroptera,Vespertilionidae,Nyctalus,aviator,,,,,,,,,
Nyctalus_azoreum,Chiroptera,Vespertilionidae,Nyctalus,azoreum,,,,,,,,,
Nyctalus_furvus,Chiroptera,Vespertilionidae,Nyctalus,furvus,,,,,,,,,
Nyctalus_lasiopterus,Chiroptera,Vespertilionidae,Nyctalus,lasiopterus,,,,,,,,,
Nyctalus_leisleri,Chiroptera,Vespertilionidae,Nyctalus,leisleri,,Y,0,1,1,,,,
Nyctalus_montanus,Chiroptera,Vespertilionidae,Nyctalus,montanus,,,,,,,,,
Nyctalus_noctula,Chiroptera,Vespertilionidae,Nyctalus,noctula,,Y,0,1,1,,,,
Nyctalus_plancyi,Chiroptera,Vespertilionidae,Nyctalus,plancyi,,,,,,,,,
Nycticeinops_schlieffeni,Chiroptera,Vespertilionidae,Nycticeinops,schlieffeni,,,,,,,,,
Nycticeius_cubanus,Chiroptera,Vespertilionidae,Nycticeius,cubanus,,,,,,,,,
Nycticeius_humeralis,Chiroptera,Vespertilionidae,Nycticeius,humeralis,,Y,0,0,0,,,,
Nyctophilus_arnhemensis,Chiroptera,Vespertilionidae,Nyctophilus,arnhemensis,,,,,,,,,
Nyctophilus_bifax,Chiroptera,Vespertilionidae,Nyctophilus,bifax,,,,,,,,,
Nyctophilus_geoffroyi,Chiroptera,Vespertilionidae,Nyctophilus,geoffroyi,,,,,,,,,
Nyctophilus_gouldi,Chiroptera,Vespertilionidae,Nyctophilus,gouldi,,,,,,,,,
Nyctophilus_heran,Chiroptera,Vespertilionidae,Nyctophilus,heran,,,,,,,,,
Nyctophilus_howensis,Chiroptera,Vespertilionidae,Nyctophilus,howensis,,,,,,,,,
Nyctophilus_microdon,Chiroptera,Vespertilionidae,Nyctophilus,microdon,,,,,,,,,
Nyctophilus_microtis,Chiroptera,Vespertilionidae,Nyctophilus,microtis,,,,,,,,,
Nyctophilus_nebulosus,Chiroptera,Vespertilionidae,Nyctophilus,nebulosus,,,,,,,,,
Nyctophilus_sherrini,Chiroptera,Vespertilionidae,Nyctophilus,sherrini,,,,,,,,,
Nyctophilus_walkeri,Chiroptera,Vespertilionidae,Nyctophilus,walkeri,,,,,,,,,
Otonycteris_hemprichii,Chiroptera,Vespertilionidae,Otonycteris,hemprichii,,Y,0,0,0,,,,
Pharotis_imogene,Chiroptera,Vespertilionidae,Pharotis,imogene,,,,,,,,,
Philetor_brachypterus,Chiroptera,Vespertilionidae,Philetor,brachypterus,,,,,,,,,
Phoniscus_atrox,Chiroptera,Vespertilionidae,Phoniscus,atrox,,,,,,,,,
Phoniscus_jagorii,Chiroptera,Vespertilionidae,Phoniscus,jagorii,,,,,,,,,
Phoniscus_papuensis,Chiroptera,Vespertilionidae,Phoniscus,papuensis,,,,,,,,,
Pipistrellus_abramus,Chiroptera,Vespertilionidae,Pipistrellus,abramus,,,,,,,,,
Pipistrellus_adamsi,Chiroptera,Vespertilionidae,Pipistrellus,adamsi,,,,,,,,,
Pipistrellus_aero,Chiroptera,Vespertilionidae,Pipistrellus,aero,,,,,,,,,
Pipistrellus_alaschanicus,Chiroptera,Vespertilionidae,Pipistrellus,alaschanicus,,,,,,,,,
Pipistrellus_anchietae,Chiroptera,Vespertilionidae,Pipistrellus,anchietae,,,,,,,,,
Pipistrellus_angulatus,Chiroptera,Vespertilionidae,Pipistrellus,angulatus,,,,,,,,,
Pipistrellus_arabicus,Chiroptera,Vespertilionidae,Pipistrellus,arabicus,,,,,,,,,
Pipistrellus_ariel,Chiroptera,Vespertilionidae,Pipistrellus,ariel,,,,,,,,,
Pipistrellus_cadornae,Chiroptera,Vespertilionidae,Pipistrellus,cadornae,,,,,,,,,
Pipistrellus_ceylonicus,Chiroptera,Vespertilionidae,Pipistrellus,ceylonicus,,,,,,,,,
Pipistrellus_collinus,Chiroptera,Vespertilionidae,Pipistrellus,collinus,,,,,,,,,
Pipistrellus_coromandra,Chiroptera,Vespertilionidae,Pipistrellus,coromandra,,,,,,,,,
Pipistrellus_crassulus,Chiroptera,Vespertilionidae,Pipistrellus,crassulus,,,,,,,,,
Pipistrellus_eisentrauti,Chiroptera,Vespertilionidae,Pipistrellus,eisentrauti,,,,,,,,,
Pipistrellus_endoi,Chiroptera,Vespertilionidae,Pipistrellus,endoi,,,,,,,,,
Pipistrellus_hanaki,Chiroptera,Vespertilionidae,Pipistrellus,hanaki,,,,,,,,,
Pipistrellus_hesperidus,Chiroptera,Vespertilionidae,Pipistrellus,hesperidus,,,,,,,,,
Pipistrellus_hesperus,Chiroptera,Vespertilionidae,Pipistrellus,hesperus,,Y,0,0,0,,,,
Pipistrellus_imbricatus,Chiroptera,Vespertilionidae,Pipistrellus,imbricatus,,,,,,,,,
Pipistrellus_inexspectatus,Chiroptera,Vespertilionidae,Pipistrellus,inexspectatus,,,,,,,,,
Pipistrellus_javanicus,Chiroptera,Vespertilionidae,Pipistrellus,javanicus,,,,,,,,,
Pipistrellus_kuhlii,Chiroptera,Vespertilionidae,Pipistrellus,kuhlii,,Y,0,0,0,,,,
Pipistrellus_maderensis,Chiroptera,Vespertilionidae,Pipistrellus,maderensis,,,,,,,,,
Pipistrellus_minahassae,Chiroptera,Vespertilionidae,Pipistrellus,minahassae,,,,,,,,,
Pipistrellus_murrayi,Chiroptera,Vespertilionidae,Pipistrellus,murrayi,,,,,,,,,
Pipistrellus_musciculus,Chiroptera,Vespertilionidae,Pipistrellus,musciculus,,,,,,,,,
Pipistrellus_nanulus,Chiroptera,Vespertilionidae,Pipistrellus,nanulus,,,,,,,,,
Pipistrellus_nathusii,Chiroptera,Vespertilionidae,Pipistrellus,nathusii,,Y,0,0,0,,,,
Pipistrellus_papuanus,Chiroptera,Vespertilionidae,Pipistrellus,papuanus,,,,,,,,,
Pipistrellus_paterculus,Chiroptera,Vespertilionidae,Pipistrellus,paterculus,,,,,,,,,
Pipistrellus_permixtus,Chiroptera,Vespertilionidae,Pipistrellus,permixtus,,,,,,,,,
Pipistrellus_pipistrellus,Chiroptera,Vespertilionidae,Pipistrellus,pipistrellus,,Y,0,1,1,,,,
Pipistrellus_pulveratus,Chiroptera,Vespertilionidae,Pipistrellus,pulveratus,,,,,,,,,
Pipistrellus_pygmaeus,Chiroptera,Vespertilionidae,Pipistrellus,pygmaeus,,Y,0,0,0,,,,
Pipistrellus_raceyi,Chiroptera,Vespertilionidae,Pipistrellus,raceyi,,,,,,,,,
Pipistrellus_rueppellii,Chiroptera,Vespertilionidae,Pipistrellus,rueppellii,,,,,,,,,
Pipistrellus_rusticus,Chiroptera,Vespertilionidae,Pipistrellus,rusticus,,,,,,,,,
Pipistrellus_stenopterus,Chiroptera,Vespertilionidae,Pipistrellus,stenopterus,,,,,,,,,
Pipistrellus_subflavus,Chiroptera,Vespertilionidae,Pipistrellus,subflavus,,Y,0,0,0,,,,
Pipistrellus_tenuis,Chiroptera,Vespertilionidae,Pipistrellus,tenuis,,,,,,,,,
Pipistrellus_wattsi,Chiroptera,Vespertilionidae,Pipistrellus,wattsi,,,,,,,,,
Pipistrellus_westralis,Chiroptera,Vespertilionidae,Pipistrellus,westralis,,,,,,,,,
Plecotus_auritus,Chiroptera,Vespertilionidae,Plecotus,auritus,,Y,0,1,1,,,,
Plecotus_austriacus,Chiroptera,Vespertilionidae,Plecotus,austriacus,,Y,0,0,0,,,,
Plecotus_balensis,Chiroptera,Vespertilionidae,Plecotus,balensis,,,,,,,,,
Plecotus_christii,Chiroptera,Vespertilionidae,Plecotus,christii,,,,,,,,,
Plecotus_kolombatovici,Chiroptera,Vespertilionidae,Plecotus,kolombatovici,,,,,,,,,
Plecotus_macrobullaris,Chiroptera,Vespertilionidae,Plecotus,macrobullaris,,,,,,,,,
Plecotus_ognevi,Chiroptera,Vespertilionidae,Plecotus,ognevi,,,,,,,,,
Plecotus_sacrimontis,Chiroptera,Vespertilionidae,Plecotus,sacrimontis,,,,,,,,,
Plecotus_sardus,Chiroptera,Vespertilionidae,Plecotus,sardus,,,,,,,,,
Plecotus_taivanus,Chiroptera,Vespertilionidae,Plecotus,taivanus,,,,,,,,,
Plecotus_teneriffae,Chiroptera,Vespertilionidae,Plecotus,teneriffae,,,,,,,,,
Rhogeessa_aeneus,Chiroptera,Vespertilionidae,Rhogeessa,aeneus,,,,,,,,,
Rhogeessa_alleni,Chiroptera,Vespertilionidae,Rhogeessa,alleni,,,,,,,,,
Rhogeessa_genowaysi,Chiroptera,Vespertilionidae,Rhogeessa,genowaysi,,,,,,,,,
Rhogeessa_gracilis,Chiroptera,Vespertilionidae,Rhogeessa,gracilis,,,,,,,,,
Rhogeessa_hussoni,Chiroptera,Vespertilionidae,Rhogeessa,hussoni,,,,,,,,,
Rhogeessa_io,Chiroptera,Vespertilionidae,Rhogeessa,io,,,,,,,,,
Rhogeessa_minutilla,Chiroptera,Vespertilionidae,Rhogeessa,minutilla,,,,,,,,,
Rhogeessa_mira,Chiroptera,Vespertilionidae,Rhogeessa,mira,,,,,,,,,
Rhogeessa_parvula,Chiroptera,Vespertilionidae,Rhogeessa,parvula,,,,,,,,,
Rhogeessa_tumida,Chiroptera,Vespertilionidae,Rhogeessa,tumida,,,,,,,,,
Scoteanax_rueppellii,Chiroptera,Vespertilionidae,Scoteanax,rueppellii,,,,,,,,,
Scotoecus_albofuscus,Chiroptera,Vespertilionidae,Scotoecus,albofuscus,,,,,,,,,
Scotoecus_hirundo,Chiroptera,Vespertilionidae,Scotoecus,hirundo,,,,,,,,,
Scotoecus_pallidus,Chiroptera,Vespertilionidae,Scotoecus,pallidus,,,,,,,,,
Scotomanes_ornatus,Chiroptera,Vespertilionidae,Scotomanes,ornatus,,,,,,,,,
Scotophilus_borbonicus,Chiroptera,Vespertilionidae,Scotophilus,borbonicus,,,,,,,,,
Scotophilus_celebensis,Chiroptera,Vespertilionidae,Scotophilus,celebensis,,,,,,,,,
Scotophilus_collinus,Chiroptera,Vespertilionidae,Scotophilus,collinus,,,,,,,,,
Scotophilus_dinganii,Chiroptera,Vespertilionidae,Scotophilus,dinganii,,,,,,,,,
Scotophilus_heathii,Chiroptera,Vespertilionidae,Scotophilus,heathii,,,,,,,,,
Scotophilus_kuhlii,Chiroptera,Vespertilionidae,Scotophilus,kuhlii,,Y,0,0,0,,,,
Scotophilus_leucogaster,Chiroptera,Vespertilionidae,Scotophilus,leucogaster,,,,,,,,,
Scotophilus_marovaza,Chiroptera,Vespertilionidae,Scotophilus,marovaza,,,,,,,,,
Scotophilus_nigrita,Chiroptera,Vespertilionidae,Scotophilus,nigrita,,,,,,,,,
Scotophilus_nucella,Chiroptera,Vespertilionidae,Scotophilus,nucella,,,,,,,,,
Scotophilus_nux,Chiroptera,Vespertilionidae,Scotophilus,nux,,,,,,,,,
Scotophilus_robustus,Chiroptera,Vespertilionidae,Scotophilus,robustus,,,,,,,,,
Scotophilus_tandrefana,Chiroptera,Vespertilionidae,Scotophilus,tandrefana,,,,,,,,,
Scotophilus_viridis,Chiroptera,Vespertilionidae,Scotophilus,viridis,,,,,,,,,
Scotorepens_balstoni,Chiroptera,Vespertilionidae,Scotorepens,balstoni,,,,,,,,,
Scotorepens_greyii,Chiroptera,Vespertilionidae,Scotorepens,greyii,,,,,,,,,
Scotorepens_orion,Chiroptera,Vespertilionidae,Scotorepens,orion,,,,,,,,,
Scotorepens_sanborni,Chiroptera,Vespertilionidae,Scotorepens,sanborni,,,,,,,,,
Scotozous_dormeri,Chiroptera,Vespertilionidae,Scotozous,dormeri,,,,,,,,,
Tylonycteris_pachypus,Chiroptera,Vespertilionidae,Tylonycteris,pachypus,,,,,,,,,
Tylonycteris_robustula,Chiroptera,Vespertilionidae,Tylonycteris,robustula,,,,,,,,,
Vespadelus_baverstocki,Chiroptera,Vespertilionidae,Vespadelus,baverstocki,,,,,,,,,
Vespadelus_caurinus,Chiroptera,Vespertilionidae,Vespadelus,caurinus,,,,,,,,,
Vespadelus_darlingtoni,Chiroptera,Vespertilionidae,Vespadelus,darlingtoni,,,,,,,,,
Vespadelus_douglasorum,Chiroptera,Vespertilionidae,Vespadelus,douglasorum,,,,,,,,,
Vespadelus_finlaysoni,Chiroptera,Vespertilionidae,Vespadelus,finlaysoni,,,,,,,,,
Vespadelus_pumilus,Chiroptera,Vespertilionidae,Vespadelus,pumilus,,,,,,,,,
Vespadelus_regulus,Chiroptera,Vespertilionidae,Vespadelus,regulus,,,,,,,,,
Vespadelus_troughtoni,Chiroptera,Vespertilionidae,Vespadelus,troughtoni,,,,,,,,,
Vespadelus_vulturnus,Chiroptera,Vespertilionidae,Vespadelus,vulturnus,,,,,,,,,
Vespertilio_murinus,Chiroptera,Vespertilionidae,Vespertilio,murinus,,Y,0,0,0,,,,
Vespertilio_sinensis,Chiroptera,Vespertilionidae,Vespertilio,sinensis,,,,,,,,,
