Binomial.1.2,Order.1.2,Family.1.2,Genus.1.2,Species.1.2,,1700 Matched Species,FSSB,MSSB,SSB,,Total Species,SSB Data Present,Percent Covered
Acerodon_celebensis,Chiroptera,Pteropodidae,Acerodon,celebensis,,Y,0,0,0,,355,40,11.26760563
Acerodon_humilis,Chiroptera,Pteropodidae,Acerodon,humilis,,,,,,,,,
Acerodon_jubatus,Chiroptera,Pteropodidae,Acerodon,jubatus,,,,,,,,,
Acerodon_leucotis,Chiroptera,Pteropodidae,Acerodon,leucotis,,,,,,,,,
Acerodon_mackloti,Chiroptera,Pteropodidae,Acerodon,mackloti,,,,,,,,,
Aethalops_aequalis,Chiroptera,Pteropodidae,Aethalops,aequalis,,,,,,,,,
Aethalops_alecto,Chiroptera,Pteropodidae,Aethalops,alecto,,,,,,,,,
Alionycteris_paucidentata,Chiroptera,Pteropodidae,Alionycteris,paucidentata,,,,,,,,,
Aproteles_bulmerae,Chiroptera,Pteropodidae,Aproteles,bulmerae,,Y,0,0,0,,,,
Balionycteris_maculata,Chiroptera,Pteropodidae,Balionycteris,maculata,,,,,,,,,
Casinycteris_argynnis,Chiroptera,Pteropodidae,Casinycteris,argynnis,,,,,,,,,
Chironax_melanocephalus,Chiroptera,Pteropodidae,Chironax,melanocephalus,,,,,,,,,
Cynopterus_brachyotis,Chiroptera,Pteropodidae,Cynopterus,brachyotis,,Y,0,0,0,,,,
Cynopterus_horsfieldii,Chiroptera,Pteropodidae,Cynopterus,horsfieldii,,,,,,,,,
Cynopterus_luzoniensis,Chiroptera,Pteropodidae,Cynopterus,luzoniensis,,,,,,,,,
Cynopterus_minutus,Chiroptera,Pteropodidae,Cynopterus,minutus,,,,,,,,,
Cynopterus_nusatenggara,Chiroptera,Pteropodidae,Cynopterus,nusatenggara,,,,,,,,,
Cynopterus_sphinx,Chiroptera,Pteropodidae,Cynopterus,sphinx,,Y,0,0,0,,,,
Cynopterus_titthaecheilus,Chiroptera,Pteropodidae,Cynopterus,titthaecheilus,,,,,,,,,
Dobsonia_anderseni,Chiroptera,Pteropodidae,Dobsonia,anderseni,,,,,,,,,
Dobsonia_beauforti,Chiroptera,Pteropodidae,Dobsonia,beauforti,,,,,,,,,
Dobsonia_chapmani,Chiroptera,Pteropodidae,Dobsonia,chapmani,,Y,0,0,0,,,,
Dobsonia_crenulata,Chiroptera,Pteropodidae,Dobsonia,crenulata,,,,,,,,,
Dobsonia_emersa,Chiroptera,Pteropodidae,Dobsonia,emersa,,,,,,,,,
Dobsonia_exoleta,Chiroptera,Pteropodidae,Dobsonia,exoleta,,,,,,,,,
Dobsonia_inermis,Chiroptera,Pteropodidae,Dobsonia,inermis,,,,,,,,,
Dobsonia_minor,Chiroptera,Pteropodidae,Dobsonia,minor,,,,,,,,,
Dobsonia_moluccensis,Chiroptera,Pteropodidae,Dobsonia,moluccensis,,Y,0,0,0,,,,
Dobsonia_pannietensis,Chiroptera,Pteropodidae,Dobsonia,pannietensis,,,,,,,,,
Dobsonia_peronii,Chiroptera,Pteropodidae,Dobsonia,peronii,,,,,,,,,
Dobsonia_praedatrix,Chiroptera,Pteropodidae,Dobsonia,praedatrix,,,,,,,,,
Dobsonia_viridis,Chiroptera,Pteropodidae,Dobsonia,viridis,,,,,,,,,
Dyacopterus_brooksi,Chiroptera,Pteropodidae,Dyacopterus,brooksi,,,,,,,,,
Dyacopterus_spadiceus,Chiroptera,Pteropodidae,Dyacopterus,spadiceus,,,,,,,,,
Eidolon_dupreanum,Chiroptera,Pteropodidae,Eidolon,dupreanum,,,,,,,,,
Eidolon_helvum,Chiroptera,Pteropodidae,Eidolon,helvum,,Y,0,0,0,,,,
Eonycteris_major,Chiroptera,Pteropodidae,Eonycteris,major,,,,,,,,,
Eonycteris_robusta,Chiroptera,Pteropodidae,Eonycteris,robusta,,,,,,,,,
Eonycteris_spelaea,Chiroptera,Pteropodidae,Eonycteris,spelaea,,,,,,,,,
Epomophorus_angolensis,Chiroptera,Pteropodidae,Epomophorus,angolensis,,,,,,,,,
Epomophorus_anselli,Chiroptera,Pteropodidae,Epomophorus,anselli,,,,,,,,,
Epomophorus_crypturus,Chiroptera,Pteropodidae,Epomophorus,crypturus,,,,,,,,,
Epomophorus_gambianus,Chiroptera,Pteropodidae,Epomophorus,gambianus,,,,,,,,,
Epomophorus_grandis,Chiroptera,Pteropodidae,Epomophorus,grandis,,,,,,,,,
Epomophorus_labiatus,Chiroptera,Pteropodidae,Epomophorus,labiatus,,,,,,,,,
Epomophorus_minimus,Chiroptera,Pteropodidae,Epomophorus,minimus,,,,,,,,,
Epomophorus_minor,Chiroptera,Pteropodidae,Epomophorus,minor,,,,,,,,,
Epomophorus_wahlbergi,Chiroptera,Pteropodidae,Epomophorus,wahlbergi,,Y,0,0,0,,,,
Epomops_buettikoferi,Chiroptera,Pteropodidae,Epomops,buettikoferi,,,,,,,,,
Epomops_dobsonii,Chiroptera,Pteropodidae,Epomops,dobsonii,,,,,,,,,
Epomops_franqueti,Chiroptera,Pteropodidae,Epomops,franqueti,,Y,0,0,0,,,,
Haplonycteris_fischeri,Chiroptera,Pteropodidae,Haplonycteris,fischeri,,,,,,,,,
Harpyionycteris_celebensis,Chiroptera,Pteropodidae,Harpyionycteris,celebensis,,,,,,,,,
Harpyionycteris_whiteheadi,Chiroptera,Pteropodidae,Harpyionycteris,whiteheadi,,,,,,,,,
Hypsignathus_monstrosus,Chiroptera,Pteropodidae,Hypsignathus,monstrosus,,,,,,,,,
Latidens_salimalii,Chiroptera,Pteropodidae,Latidens,salimalii,,,,,,,,,
Lissonycteris_angolensis,Chiroptera,Pteropodidae,Lissonycteris,angolensis,,,,,,,,,
Macroglossus_minimus,Chiroptera,Pteropodidae,Macroglossus,minimus,,,,,,,,,
Macroglossus_sobrinus,Chiroptera,Pteropodidae,Macroglossus,sobrinus,,,,,,,,,
Megaerops_ecaudatus,Chiroptera,Pteropodidae,Megaerops,ecaudatus,,,,,,,,,
Megaerops_kusnotoi,Chiroptera,Pteropodidae,Megaerops,kusnotoi,,,,,,,,,
Megaerops_niphanae,Chiroptera,Pteropodidae,Megaerops,niphanae,,,,,,,,,
Megaerops_wetmorei,Chiroptera,Pteropodidae,Megaerops,wetmorei,,,,,,,,,
Megaloglossus_azagnyi,Chiroptera,Pteropodidae,Megaloglossus,azagnyi,,,,,,,,,
Megaloglossus_woermanni,Chiroptera,Pteropodidae,Megaloglossus,woermanni,,,,,,,,,
Melonycteris_fardoulisi,Chiroptera,Pteropodidae,Melonycteris,fardoulisi,,,,,,,,,
Melonycteris_melanops,Chiroptera,Pteropodidae,Melonycteris,melanops,,,,,,,,,
Melonycteris_woodfordi,Chiroptera,Pteropodidae,Melonycteris,woodfordi,,,,,,,,,
Micropteropus_intermedius,Chiroptera,Pteropodidae,Micropteropus,intermedius,,,,,,,,,
Micropteropus_pusillus,Chiroptera,Pteropodidae,Micropteropus,pusillus,,,,,,,,,
Mirimiri_acrodonta,Chiroptera,Pteropodidae,Mirimiri,acrodonta,,,,,,,,,
Myonycteris_brachycephala,Chiroptera,Pteropodidae,Myonycteris,brachycephala,,,,,,,,,
Myonycteris_leptodon,Chiroptera,Pteropodidae,Myonycteris,leptodon,,,,,,,,,
Myonycteris_relicta,Chiroptera,Pteropodidae,Myonycteris,relicta,,,,,,,,,
Myonycteris_torquata,Chiroptera,Pteropodidae,Myonycteris,torquata,,,,,,,,,
Nanonycteris_veldkampii,Chiroptera,Pteropodidae,Nanonycteris,veldkampii,,,,,,,,,
Neopteryx_frosti,Chiroptera,Pteropodidae,Neopteryx,frosti,,,,,,,,,
Notopteris_macdonaldi,Chiroptera,Pteropodidae,Notopteris,macdonaldi,,,,,,,,,
Notopteris_neocaledonica,Chiroptera,Pteropodidae,Notopteris,neocaledonica,,,,,,,,,
Nyctimene_aello,Chiroptera,Pteropodidae,Nyctimene,aello,,,,,,,,,
Nyctimene_albiventer,Chiroptera,Pteropodidae,Nyctimene,albiventer,,,,,,,,,
Nyctimene_cephalotes,Chiroptera,Pteropodidae,Nyctimene,cephalotes,,,,,,,,,
Nyctimene_certans,Chiroptera,Pteropodidae,Nyctimene,certans,,,,,,,,,
Nyctimene_cyclotis,Chiroptera,Pteropodidae,Nyctimene,cyclotis,,,,,,,,,
Nyctimene_draconilla,Chiroptera,Pteropodidae,Nyctimene,draconilla,,,,,,,,,
Nyctimene_keasti,Chiroptera,Pteropodidae,Nyctimene,keasti,,,,,,,,,
Nyctimene_major,Chiroptera,Pteropodidae,Nyctimene,major,,,,,,,,,
Nyctimene_malaitensis,Chiroptera,Pteropodidae,Nyctimene,malaitensis,,,,,,,,,
Nyctimene_masalai,Chiroptera,Pteropodidae,Nyctimene,masalai,,,,,,,,,
Nyctimene_minutus,Chiroptera,Pteropodidae,Nyctimene,minutus,,,,,,,,,
Nyctimene_rabori,Chiroptera,Pteropodidae,Nyctimene,rabori,,Y,0,0,0,,,,
Nyctimene_robinsoni,Chiroptera,Pteropodidae,Nyctimene,robinsoni,,,,,,,,,
Nyctimene_sanctacrucis,Chiroptera,Pteropodidae,Nyctimene,sanctacrucis,,,,,,,,,
Nyctimene_vizcaccia,Chiroptera,Pteropodidae,Nyctimene,vizcaccia,,,,,,,,,
Otopteropus_cartilagonodus,Chiroptera,Pteropodidae,Otopteropus,cartilagonodus,,,,,,,,,
Paranyctimene_raptor,Chiroptera,Pteropodidae,Paranyctimene,raptor,,,,,,,,,
Paranyctimene_tenax,Chiroptera,Pteropodidae,Paranyctimene,tenax,,,,,,,,,
Penthetor_lucasi,Chiroptera,Pteropodidae,Penthetor,lucasi,,,,,,,,,
Plerotes_anchietae,Chiroptera,Pteropodidae,Plerotes,anchietae,,,,,,,,,
Ptenochirus_jagori,Chiroptera,Pteropodidae,Ptenochirus,jagori,,,,,,,,,
Ptenochirus_minor,Chiroptera,Pteropodidae,Ptenochirus,minor,,,,,,,,,
Pteralopex_anceps,Chiroptera,Pteropodidae,Pteralopex,anceps,,,,,,,,,
Pteralopex_atrata,Chiroptera,Pteropodidae,Pteralopex,atrata,,,,,,,,,
Pteralopex_flanneryi,Chiroptera,Pteropodidae,Pteralopex,flanneryi,,,,,,,,,
Pteralopex_pulchra,Chiroptera,Pteropodidae,Pteralopex,pulchra,,,,,,,,,
Pteralopex_taki,Chiroptera,Pteropodidae,Pteralopex,taki,,,,,,,,,
Pteropus_admiralitatum,Chiroptera,Pteropodidae,Pteropus,admiralitatum,,,,,,,,,
Pteropus_aldabrensis,Chiroptera,Pteropodidae,Pteropus,aldabrensis,,,,,,,,,
Pteropus_alecto,Chiroptera,Pteropodidae,Pteropus,alecto,,Y,0,0,0,,,,
Pteropus_allenorum,Chiroptera,Pteropodidae,Pteropus,allenorum,,,,,,,,,
Pteropus_anetianus,Chiroptera,Pteropodidae,Pteropus,anetianus,,,,,,,,,
Pteropus_aruensis,Chiroptera,Pteropodidae,Pteropus,aruensis,,,,,,,,,
Pteropus_brunneus,Chiroptera,Pteropodidae,Pteropus,brunneus,,,,,,,,,
Pteropus_caniceps,Chiroptera,Pteropodidae,Pteropus,caniceps,,,,,,,,,
Pteropus_capistratus,Chiroptera,Pteropodidae,Pteropus,capistratus,,,,,,,,,
Pteropus_chrysoproctus,Chiroptera,Pteropodidae,Pteropus,chrysoproctus,,,,,,,,,
Pteropus_cognatus,Chiroptera,Pteropodidae,Pteropus,cognatus,,,,,,,,,
Pteropus_conspicillatus,Chiroptera,Pteropodidae,Pteropus,conspicillatus,,Y,0,0,0,,,,
Pteropus_coxi,Chiroptera,Pteropodidae,Pteropus,coxi,,,,,,,,,
Pteropus_dasymallus,Chiroptera,Pteropodidae,Pteropus,dasymallus,,Y,0,0,0,,,,
Pteropus_faunulus,Chiroptera,Pteropodidae,Pteropus,faunulus,,,,,,,,,
Pteropus_fundatus,Chiroptera,Pteropodidae,Pteropus,fundatus,,,,,,,,,
Pteropus_giganteus,Chiroptera,Pteropodidae,Pteropus,giganteus,,Y,0,1,1,,,,
Pteropus_gilliardorum,Chiroptera,Pteropodidae,Pteropus,gilliardorum,,,,,,,,,
Pteropus_griseus,Chiroptera,Pteropodidae,Pteropus,griseus,,Y,0,0,0,,,,
Pteropus_howensis,Chiroptera,Pteropodidae,Pteropus,howensis,,,,,,,,,
Pteropus_hypomelanus,Chiroptera,Pteropodidae,Pteropus,hypomelanus,,Y,0,0,0,,,,
Pteropus_intermedius,Chiroptera,Pteropodidae,Pteropus,intermedius,,,,,,,,,
Pteropus_keyensis,Chiroptera,Pteropodidae,Pteropus,keyensis,,,,,,,,,
Pteropus_leucopterus,Chiroptera,Pteropodidae,Pteropus,leucopterus,,,,,,,,,
Pteropus_livingstonii,Chiroptera,Pteropodidae,Pteropus,livingstonii,,Y,1,1,1,,,,
Pteropus_lombocensis,Chiroptera,Pteropodidae,Pteropus,lombocensis,,,,,,,,,
Pteropus_loochoensis,Chiroptera,Pteropodidae,Pteropus,loochoensis,,,,,,,,,
Pteropus_lylei,Chiroptera,Pteropodidae,Pteropus,lylei,,,,,,,,,
Pteropus_macrotis,Chiroptera,Pteropodidae,Pteropus,macrotis,,,,,,,,,
Pteropus_mahaganus,Chiroptera,Pteropodidae,Pteropus,mahaganus,,,,,,,,,
Pteropus_mariannus,Chiroptera,Pteropodidae,Pteropus,mariannus,,Y,0,0,0,,,,
Pteropus_melanopogon,Chiroptera,Pteropodidae,Pteropus,melanopogon,,,,,,,,,
Pteropus_melanotus,Chiroptera,Pteropodidae,Pteropus,melanotus,,,,,,,,,
Pteropus_molossinus,Chiroptera,Pteropodidae,Pteropus,molossinus,,,,,,,,,
Pteropus_neohibernicus,Chiroptera,Pteropodidae,Pteropus,neohibernicus,,Y,0,0,0,,,,
Pteropus_niger,Chiroptera,Pteropodidae,Pteropus,niger,,Y,0,0,0,,,,
Pteropus_nitendiensis,Chiroptera,Pteropodidae,Pteropus,nitendiensis,,,,,,,,,
Pteropus_ocularis,Chiroptera,Pteropodidae,Pteropus,ocularis,,,,,,,,,
Pteropus_ornatus,Chiroptera,Pteropodidae,Pteropus,ornatus,,,,,,,,,
Pteropus_pelewensis,Chiroptera,Pteropodidae,Pteropus,pelewensis,,,,,,,,,
Pteropus_personatus,Chiroptera,Pteropodidae,Pteropus,personatus,,,,,,,,,
Pteropus_pilosus,Chiroptera,Pteropodidae,Pteropus,pilosus,,,,,,,,,
Pteropus_pohlei,Chiroptera,Pteropodidae,Pteropus,pohlei,,,,,,,,,
Pteropus_poliocephalus,Chiroptera,Pteropodidae,Pteropus,poliocephalus,,Y,1,1,1,,,,
Pteropus_pselaphon,Chiroptera,Pteropodidae,Pteropus,pselaphon,,Y,0,1,1,,,,
Pteropus_pumilus,Chiroptera,Pteropodidae,Pteropus,pumilus,,,,,,,,,
Pteropus_rayneri,Chiroptera,Pteropodidae,Pteropus,rayneri,,Y,0,0,0,,,,
Pteropus_rennelli,Chiroptera,Pteropodidae,Pteropus,rennelli,,,,,,,,,
Pteropus_rodricensis,Chiroptera,Pteropodidae,Pteropus,rodricensis,,Y,0,1,1,,,,
Pteropus_rufus,Chiroptera,Pteropodidae,Pteropus,rufus,,Y,0,0,0,,,,
Pteropus_samoensis,Chiroptera,Pteropodidae,Pteropus,samoensis,,,,,,,,,
Pteropus_scapulatus,Chiroptera,Pteropodidae,Pteropus,scapulatus,,,,,,,,,
Pteropus_seychellensis,Chiroptera,Pteropodidae,Pteropus,seychellensis,,Y,0,0,0,,,,
Pteropus_speciosus,Chiroptera,Pteropodidae,Pteropus,speciosus,,,,,,,,,
Pteropus_subniger,Chiroptera,Pteropodidae,Pteropus,subniger,,,,,,,,,
Pteropus_temminckii,Chiroptera,Pteropodidae,Pteropus,temminckii,,,,,,,,,
Pteropus_tokudae,Chiroptera,Pteropodidae,Pteropus,tokudae,,,,,,,,,
Pteropus_tonganus,Chiroptera,Pteropodidae,Pteropus,tonganus,,Y,0,0,0,,,,
Pteropus_tuberculatus,Chiroptera,Pteropodidae,Pteropus,tuberculatus,,,,,,,,,
Pteropus_ualanus,Chiroptera,Pteropodidae,Pteropus,ualanus,,,,,,,,,
Pteropus_vampyrus,Chiroptera,Pteropodidae,Pteropus,vampyrus,,Y,0,0,0,,,,
Pteropus_vetulus,Chiroptera,Pteropodidae,Pteropus,vetulus,,,,,,,,,
Pteropus_voeltzkowi,Chiroptera,Pteropodidae,Pteropus,voeltzkowi,,,,,,,,,
Pteropus_woodfordi,Chiroptera,Pteropodidae,Pteropus,woodfordi,,,,,,,,,
Rousettus_aegyptiacus,Chiroptera,Pteropodidae,Rousettus,aegyptiacus,,Y,0,0,0,,,,
Rousettus_amplexicaudatus,Chiroptera,Pteropodidae,Rousettus,amplexicaudatus,,,,,,,,,
Rousettus_bidens,Chiroptera,Pteropodidae,Rousettus,bidens,,,,,,,,,
Rousettus_celebensis,Chiroptera,Pteropodidae,Rousettus,celebensis,,,,,,,,,
Rousettus_lanosus,Chiroptera,Pteropodidae,Rousettus,lanosus,,,,,,,,,
Rousettus_leschenaultii,Chiroptera,Pteropodidae,Rousettus,leschenaultii,,Y,0,0,0,,,,
Rousettus_linduensis,Chiroptera,Pteropodidae,Rousettus,linduensis,,,,,,,,,
Rousettus_madagascariensis,Chiroptera,Pteropodidae,Rousettus,madagascariensis,,Y,0,0,0,,,,
Rousettus_obliviosus,Chiroptera,Pteropodidae,Rousettus,obliviosus,,,,,,,,,
Rousettus_spinalatus,Chiroptera,Pteropodidae,Rousettus,spinalatus,,,,,,,,,
Scotonycteris_ophiodon,Chiroptera,Pteropodidae,Scotonycteris,ophiodon,,,,,,,,,
Scotonycteris_zenkeri,Chiroptera,Pteropodidae,Scotonycteris,zenkeri,,,,,,,,,
Sphaerias_blanfordi,Chiroptera,Pteropodidae,Sphaerias,blanfordi,,,,,,,,,
Styloctenium_mindorensis,Chiroptera,Pteropodidae,Styloctenium,mindorensis,,,,,,,,,
Styloctenium_wallacei,Chiroptera,Pteropodidae,Styloctenium,wallacei,,,,,,,,,
Syconycteris_australis,Chiroptera,Pteropodidae,Syconycteris,australis,,,,,,,,,
Syconycteris_carolinae,Chiroptera,Pteropodidae,Syconycteris,carolinae,,,,,,,,,
Syconycteris_hobbit,Chiroptera,Pteropodidae,Syconycteris,hobbit,,,,,,,,,
Thoopterus_nigrescens,Chiroptera,Pteropodidae,Thoopterus,nigrescens,,,,,,,,,
Craseonycteris_thonglongyai,Chiroptera,Craseonycteridae,Craseonycteris,thonglongyai,,,,,,,,,
Anthops_ornatus,Chiroptera,Hipposideridae,Anthops,ornatus,,,,,,,,,
Asellia_patrizii,Chiroptera,Hipposideridae,Asellia,patrizii,,,,,,,,,
Asellia_tridens,Chiroptera,Hipposideridae,Asellia,tridens,,Y,0,0,0,,,,
Aselliscus_stoliczkanus,Chiroptera,Hipposideridae,Aselliscus,stoliczkanus,,,,,,,,,
Aselliscus_tricuspidatus,Chiroptera,Hipposideridae,Aselliscus,tricuspidatus,,,,,,,,,
Cloeotis_percivali,Chiroptera,Hipposideridae,Cloeotis,percivali,,,,,,,,,
Coelops_frithii,Chiroptera,Hipposideridae,Coelops,frithii,,,,,,,,,
Coelops_robinsoni,Chiroptera,Hipposideridae,Coelops,robinsoni,,,,,,,,,
Hipposideros_abae,Chiroptera,Hipposideridae,Hipposideros,abae,,,,,,,,,
Hipposideros_armiger,Chiroptera,Hipposideridae,Hipposideros,armiger,,Y,0,0,0,,,,
Hipposideros_ater,Chiroptera,Hipposideridae,Hipposideros,ater,,,,,,,,,
Hipposideros_beatus,Chiroptera,Hipposideridae,Hipposideros,beatus,,,,,,,,,
Hipposideros_bicolor,Chiroptera,Hipposideridae,Hipposideros,bicolor,,,,,,,,,
Hipposideros_boeadii,Chiroptera,Hipposideridae,Hipposideros,boeadii,,,,,,,,,
Hipposideros_breviceps,Chiroptera,Hipposideridae,Hipposideros,breviceps,,,,,,,,,
Hipposideros_caffer,Chiroptera,Hipposideridae,Hipposideros,caffer,,,,,,,,,
Hipposideros_calcaratus,Chiroptera,Hipposideridae,Hipposideros,calcaratus,,,,,,,,,
Hipposideros_camerunensis,Chiroptera,Hipposideridae,Hipposideros,camerunensis,,,,,,,,,
Hipposideros_cervinus,Chiroptera,Hipposideridae,Hipposideros,cervinus,,,,,,,,,
Hipposideros_cineraceus,Chiroptera,Hipposideridae,Hipposideros,cineraceus,,,,,,,,,
Hipposideros_commersoni,Chiroptera,Hipposideridae,Hipposideros,commersoni,,Y,0,0,0,,,,
Hipposideros_coronatus,Chiroptera,Hipposideridae,Hipposideros,coronatus,,,,,,,,,
Hipposideros_corynophyllus,Chiroptera,Hipposideridae,Hipposideros,corynophyllus,,,,,,,,,
Hipposideros_coxi,Chiroptera,Hipposideridae,Hipposideros,coxi,,,,,,,,,
Hipposideros_crumeniferus,Chiroptera,Hipposideridae,Hipposideros,crumeniferus,,,,,,,,,
Hipposideros_curtus,Chiroptera,Hipposideridae,Hipposideros,curtus,,,,,,,,,
Hipposideros_cyclops,Chiroptera,Hipposideridae,Hipposideros,cyclops,,,,,,,,,
Hipposideros_demissus,Chiroptera,Hipposideridae,Hipposideros,demissus,,,,,,,,,
Hipposideros_diadema,Chiroptera,Hipposideridae,Hipposideros,diadema,,,,,,,,,
Hipposideros_dinops,Chiroptera,Hipposideridae,Hipposideros,dinops,,,,,,,,,
Hipposideros_doriae,Chiroptera,Hipposideridae,Hipposideros,doriae,,,,,,,,,
Hipposideros_durgadasi,Chiroptera,Hipposideridae,Hipposideros,durgadasi,,,,,,,,,
Hipposideros_dyacorum,Chiroptera,Hipposideridae,Hipposideros,dyacorum,,,,,,,,,
Hipposideros_edwardshilli,Chiroptera,Hipposideridae,Hipposideros,edwardshilli,,,,,,,,,
Hipposideros_fuliginosus,Chiroptera,Hipposideridae,Hipposideros,fuliginosus,,,,,,,,,
Hipposideros_fulvus,Chiroptera,Hipposideridae,Hipposideros,fulvus,,,,,,,,,
Hipposideros_galeritus,Chiroptera,Hipposideridae,Hipposideros,galeritus,,,,,,,,,
Hipposideros_gigas,Chiroptera,Hipposideridae,Hipposideros,gigas,,,,,,,,,
Hipposideros_grandis,Chiroptera,Hipposideridae,Hipposideros,grandis,,,,,,,,,
Hipposideros_halophyllus,Chiroptera,Hipposideridae,Hipposideros,halophyllus,,,,,,,,,
Hipposideros_hypophyllus,Chiroptera,Hipposideridae,Hipposideros,hypophyllus,,,,,,,,,
Hipposideros_inexpectatus,Chiroptera,Hipposideridae,Hipposideros,inexpectatus,,,,,,,,,
Hipposideros_inornatus,Chiroptera,Hipposideridae,Hipposideros,inornatus,,,,,,,,,
Hipposideros_jonesi,Chiroptera,Hipposideridae,Hipposideros,jonesi,,,,,,,,,
Hipposideros_khaokhouayensis,Chiroptera,Hipposideridae,Hipposideros,khaokhouayensis,,,,,,,,,
Hipposideros_lamottei,Chiroptera,Hipposideridae,Hipposideros,lamottei,,,,,,,,,
Hipposideros_lankadiva,Chiroptera,Hipposideridae,Hipposideros,lankadiva,,,,,,,,,
Hipposideros_larvatus,Chiroptera,Hipposideridae,Hipposideros,larvatus,,,,,,,,,
Hipposideros_lekaguli,Chiroptera,Hipposideridae,Hipposideros,lekaguli,,,,,,,,,
Hipposideros_lylei,Chiroptera,Hipposideridae,Hipposideros,lylei,,,,,,,,,
Hipposideros_macrobullatus,Chiroptera,Hipposideridae,Hipposideros,macrobullatus,,,,,,,,,
Hipposideros_madurae,Chiroptera,Hipposideridae,Hipposideros,madurae,,,,,,,,,
Hipposideros_maggietaylorae,Chiroptera,Hipposideridae,Hipposideros,maggietaylorae,,,,,,,,,
Hipposideros_marisae,Chiroptera,Hipposideridae,Hipposideros,marisae,,,,,,,,,
Hipposideros_megalotis,Chiroptera,Hipposideridae,Hipposideros,megalotis,,,,,,,,,
Hipposideros_muscinus,Chiroptera,Hipposideridae,Hipposideros,muscinus,,,,,,,,,
Hipposideros_nequam,Chiroptera,Hipposideridae,Hipposideros,nequam,,,,,,,,,
Hipposideros_obscurus,Chiroptera,Hipposideridae,Hipposideros,obscurus,,,,,,,,,
Hipposideros_orbiculus,Chiroptera,Hipposideridae,Hipposideros,orbiculus,,,,,,,,,
Hipposideros_papua,Chiroptera,Hipposideridae,Hipposideros,papua,,,,,,,,,
Hipposideros_pelingensis,Chiroptera,Hipposideridae,Hipposideros,pelingensis,,,,,,,,,
Hipposideros_pomona,Chiroptera,Hipposideridae,Hipposideros,pomona,,,,,,,,,
Hipposideros_pratti,Chiroptera,Hipposideridae,Hipposideros,pratti,,,,,,,,,
Hipposideros_pygmaeus,Chiroptera,Hipposideridae,Hipposideros,pygmaeus,,,,,,,,,
Hipposideros_ridleyi,Chiroptera,Hipposideridae,Hipposideros,ridleyi,,,,,,,,,
Hipposideros_rotalis,Chiroptera,Hipposideridae,Hipposideros,rotalis,,,,,,,,,
Hipposideros_ruber,Chiroptera,Hipposideridae,Hipposideros,ruber,,,,,,,,,
Hipposideros_scutinares,Chiroptera,Hipposideridae,Hipposideros,scutinares,,,,,,,,,
Hipposideros_semoni,Chiroptera,Hipposideridae,Hipposideros,semoni,,,,,,,,,
Hipposideros_sorenseni,Chiroptera,Hipposideridae,Hipposideros,sorenseni,,,,,,,,,
Hipposideros_speoris,Chiroptera,Hipposideridae,Hipposideros,speoris,,,,,,,,,
Hipposideros_stenotis,Chiroptera,Hipposideridae,Hipposideros,stenotis,,,,,,,,,
Hipposideros_sumbae,Chiroptera,Hipposideridae,Hipposideros,sumbae,,,,,,,,,
Hipposideros_thomensis,Chiroptera,Hipposideridae,Hipposideros,thomensis,,,,,,,,,
Hipposideros_turpis,Chiroptera,Hipposideridae,Hipposideros,turpis,,,,,,,,,
Hipposideros_vittatus,Chiroptera,Hipposideridae,Hipposideros,vittatus,,,,,,,,,
Hipposideros_wollastoni,Chiroptera,Hipposideridae,Hipposideros,wollastoni,,,,,,,,,
Paratriaenops_auritus,Chiroptera,Hipposideridae,Paratriaenops,auritus,,,,,,,,,
Paratriaenops_furculus,Chiroptera,Hipposideridae,Paratriaenops,furculus,,,,,,,,,
Rhinonicteris_aurantia,Chiroptera,Hipposideridae,Rhinonicteris,aurantia,,,,,,,,,
Triaenops_persicus,Chiroptera,Hipposideridae,Triaenops,persicus,,,,,,,,,
Triaenops_rufus,Chiroptera,Hipposideridae,Triaenops,rufus,,Y,0,0,0,,,,
Cardioderma_cor,Chiroptera,Megadermatidae,Cardioderma,cor,,,,,,,,,
Lavia_frons,Chiroptera,Megadermatidae,Lavia,frons,,,,,,,,,
Macroderma_gigas,Chiroptera,Megadermatidae,Macroderma,gigas,,,,,,,,,
Megaderma_lyra,Chiroptera,Megadermatidae,Megaderma,lyra,,Y,0,0,0,,,,
Megaderma_spasma,Chiroptera,Megadermatidae,Megaderma,spasma,,,,,,,,,
Rhinolophus_acuminatus,Chiroptera,Rhinolophidae,Rhinolophus,acuminatus,,,,,,,,,
Rhinolophus_adami,Chiroptera,Rhinolophidae,Rhinolophus,adami,,,,,,,,,
Rhinolophus_affinis,Chiroptera,Rhinolophidae,Rhinolophus,affinis,,,,,,,,,
Rhinolophus_alcyone,Chiroptera,Rhinolophidae,Rhinolophus,alcyone,,,,,,,,,
Rhinolophus_arcuatus,Chiroptera,Rhinolophidae,Rhinolophus,arcuatus,,,,,,,,,
Rhinolophus_beddomei,Chiroptera,Rhinolophidae,Rhinolophus,beddomei,,,,,,,,,
Rhinolophus_blasii,Chiroptera,Rhinolophidae,Rhinolophus,blasii,,,,,,,,,
Rhinolophus_bocharicus,Chiroptera,Rhinolophidae,Rhinolophus,bocharicus,,,,,,,,,
Rhinolophus_borneensis,Chiroptera,Rhinolophidae,Rhinolophus,borneensis,,,,,,,,,
Rhinolophus_canuti,Chiroptera,Rhinolophidae,Rhinolophus,canuti,,,,,,,,,
Rhinolophus_capensis,Chiroptera,Rhinolophidae,Rhinolophus,capensis,,,,,,,,,
Rhinolophus_celebensis,Chiroptera,Rhinolophidae,Rhinolophus,celebensis,,,,,,,,,
Rhinolophus_clivosus,Chiroptera,Rhinolophidae,Rhinolophus,clivosus,,,,,,,,,
Rhinolophus_coelophyllus,Chiroptera,Rhinolophidae,Rhinolophus,coelophyllus,,,,,,,,,
Rhinolophus_cognatus,Chiroptera,Rhinolophidae,Rhinolophus,cognatus,,,,,,,,,
Rhinolophus_convexus,Chiroptera,Rhinolophidae,Rhinolophus,convexus,,,,,,,,,
Rhinolophus_creaghi,Chiroptera,Rhinolophidae,Rhinolophus,creaghi,,,,,,,,,
Rhinolophus_darlingi,Chiroptera,Rhinolophidae,Rhinolophus,darlingi,,,,,,,,,
Rhinolophus_deckenii,Chiroptera,Rhinolophidae,Rhinolophus,deckenii,,,,,,,,,
Rhinolophus_denti,Chiroptera,Rhinolophidae,Rhinolophus,denti,,,,,,,,,
Rhinolophus_eloquens,Chiroptera,Rhinolophidae,Rhinolophus,eloquens,,,,,,,,,
Rhinolophus_euryale,Chiroptera,Rhinolophidae,Rhinolophus,euryale,,,,,,,,,
Rhinolophus_euryotis,Chiroptera,Rhinolophidae,Rhinolophus,euryotis,,,,,,,,,
Rhinolophus_ferrumequinum,Chiroptera,Rhinolophidae,Rhinolophus,ferrumequinum,,Y,0,1,1,,,,
Rhinolophus_formosae,Chiroptera,Rhinolophidae,Rhinolophus,formosae,,,,,,,,,
Rhinolophus_fumigatus,Chiroptera,Rhinolophidae,Rhinolophus,fumigatus,,,,,,,,,
Rhinolophus_guineensis,Chiroptera,Rhinolophidae,Rhinolophus,guineensis,,,,,,,,,
Rhinolophus_hildebrandtii,Chiroptera,Rhinolophidae,Rhinolophus,hildebrandtii,,,,,,,,,
Rhinolophus_hilli,Chiroptera,Rhinolophidae,Rhinolophus,hilli,,,,,,,,,
Rhinolophus_hillorum,Chiroptera,Rhinolophidae,Rhinolophus,hillorum,,,,,,,,,
Rhinolophus_hipposideros,Chiroptera,Rhinolophidae,Rhinolophus,hipposideros,,Y,0,1,1,,,,
Rhinolophus_inops,Chiroptera,Rhinolophidae,Rhinolophus,inops,,,,,,,,,
Rhinolophus_keyensis,Chiroptera,Rhinolophidae,Rhinolophus,keyensis,,,,,,,,,
Rhinolophus_landeri,Chiroptera,Rhinolophidae,Rhinolophus,landeri,,,,,,,,,
Rhinolophus_lepidus,Chiroptera,Rhinolophidae,Rhinolophus,lepidus,,,,,,,,,
Rhinolophus_luctus,Chiroptera,Rhinolophidae,Rhinolophus,luctus,,,,,,,,,
Rhinolophus_maclaudi,Chiroptera,Rhinolophidae,Rhinolophus,maclaudi,,,,,,,,,
Rhinolophus_macrotis,Chiroptera,Rhinolophidae,Rhinolophus,macrotis,,,,,,,,,
Rhinolophus_madurensis,Chiroptera,Rhinolophidae,Rhinolophus,madurensis,,,,,,,,,
Rhinolophus_maendeleo,Chiroptera,Rhinolophidae,Rhinolophus,maendeleo,,,,,,,,,
Rhinolophus_malayanus,Chiroptera,Rhinolophidae,Rhinolophus,malayanus,,,,,,,,,
Rhinolophus_marshalli,Chiroptera,Rhinolophidae,Rhinolophus,marshalli,,,,,,,,,
Rhinolophus_megaphyllus,Chiroptera,Rhinolophidae,Rhinolophus,megaphyllus,,,,,,,,,
Rhinolophus_mehelyi,Chiroptera,Rhinolophidae,Rhinolophus,mehelyi,,,,,,,,,
Rhinolophus_mitratus,Chiroptera,Rhinolophidae,Rhinolophus,mitratus,,,,,,,,,
Rhinolophus_montanus,Chiroptera,Rhinolophidae,Rhinolophus,montanus,,,,,,,,,
Rhinolophus_nereis,Chiroptera,Rhinolophidae,Rhinolophus,nereis,,,,,,,,,
Rhinolophus_osgoodi,Chiroptera,Rhinolophidae,Rhinolophus,osgoodi,,,,,,,,,
Rhinolophus_paradoxolophus,Chiroptera,Rhinolophidae,Rhinolophus,paradoxolophus,,,,,,,,,
Rhinolophus_pearsonii,Chiroptera,Rhinolophidae,Rhinolophus,pearsonii,,,,,,,,,
Rhinolophus_philippinensis,Chiroptera,Rhinolophidae,Rhinolophus,philippinensis,,,,,,,,,
Rhinolophus_pusillus,Chiroptera,Rhinolophidae,Rhinolophus,pusillus,,Y,0,0,0,,,,
Rhinolophus_rex,Chiroptera,Rhinolophidae,Rhinolophus,rex,,,,,,,,,
Rhinolophus_robinsoni,Chiroptera,Rhinolophidae,Rhinolophus,robinsoni,,,,,,,,,
Rhinolophus_rouxii,Chiroptera,Rhinolophidae,Rhinolophus,rouxii,,,,,,,,,
Rhinolophus_rufus,Chiroptera,Rhinolophidae,Rhinolophus,rufus,,,,,,,,,
Rhinolophus_ruwenzorii,Chiroptera,Rhinolophidae,Rhinolophus,ruwenzorii,,,,,,,,,
Rhinolophus_sakejiensis,Chiroptera,Rhinolophidae,Rhinolophus,sakejiensis,,,,,,,,,
Rhinolophus_sedulus,Chiroptera,Rhinolophidae,Rhinolophus,sedulus,,,,,,,,,
Rhinolophus_shameli,Chiroptera,Rhinolophidae,Rhinolophus,shameli,,,,,,,,,
Rhinolophus_shortridgei,Chiroptera,Rhinolophidae,Rhinolophus,shortridgei,,,,,,,,,
Rhinolophus_siamensis,Chiroptera,Rhinolophidae,Rhinolophus,siamensis,,,,,,,,,
Rhinolophus_silvestris,Chiroptera,Rhinolophidae,Rhinolophus,silvestris,,,,,,,,,
Rhinolophus_simulator,Chiroptera,Rhinolophidae,Rhinolophus,simulator,,,,,,,,,
Rhinolophus_sinicus,Chiroptera,Rhinolophidae,Rhinolophus,sinicus,,,,,,,,,
Rhinolophus_stheno,Chiroptera,Rhinolophidae,Rhinolophus,stheno,,,,,,,,,
Rhinolophus_subbadius,Chiroptera,Rhinolophidae,Rhinolophus,subbadius,,,,,,,,,
Rhinolophus_subrufus,Chiroptera,Rhinolophidae,Rhinolophus,subrufus,,,,,,,,,
Rhinolophus_swinnyi,Chiroptera,Rhinolophidae,Rhinolophus,swinnyi,,,,,,,,,
Rhinolophus_thomasi,Chiroptera,Rhinolophidae,Rhinolophus,thomasi,,,,,,,,,
Rhinolophus_trifoliatus,Chiroptera,Rhinolophidae,Rhinolophus,trifoliatus,,,,,,,,,
Rhinolophus_virgo,Chiroptera,Rhinolophidae,Rhinolophus,virgo,,,,,,,,,
Rhinolophus_yunanensis,Chiroptera,Rhinolophidae,Rhinolophus,yunanensis,,,,,,,,,
Rhinolophus_ziama,Chiroptera,Rhinolophidae,Rhinolophus,ziama,,,,,,,,,
Rhinopoma_hardwickii,Chiroptera,Rhinopomatidae,Rhinopoma,hardwickii,,,,,,,,,
Rhinopoma_macinnesi,Chiroptera,Rhinopomatidae,Rhinopoma,macinnesi,,,,,,,,,
Rhinopoma_microphyllum,Chiroptera,Rhinopomatidae,Rhinopoma,microphyllum,,Y,0,0,0,,,,
Rhinopoma_muscatellum,Chiroptera,Rhinopomatidae,Rhinopoma,muscatellum,,,,,,,,,